Bill Number,Short title/summary,Chamber,Sponsors (Representatives),Committee,Preamble,Word Link
3563,County veterans' affairs office,House,"Davis, B. J. Cox","Medical, Military, Public and Municipal Affairs","A BILL TO AMEND THE SOUTH CAROLINA CODE OF LAWS BY AMENDING SECTION 25-11-50, RELATING TO COUNTY VETERANS' AFFAIRS OFFICERS, SO AS TO PROVIDE THAT THE SECRETARY SHALL EVALUATE EACH COUNTY VETERANS' AFFAIRS OFFICE NO LESS THAN ONCE PER YEAR.",https://www.scstatehouse.gov/sess126_2025-2026/bills/3563.docx
3564,South Carolina Military Affairs Advisory Council,House,"Davis, B. J. Cox","Medical, Military, Public and Municipal Affairs","A BILL TO AMEND THE SOUTH CAROLINA CODE OF LAWS BY AMENDING SECTION 25-11-100, RELATING TO SOUTH CAROLINA MILITARY BASE TASK FORCE, SO AS TO RENAME THE TASK FORCE THE SOUTH CAROLINA MILITARY AFFAIRS ADVISORY COUNCIL, TO ADD AIKEN AS A MILITARY COUNTY, AND TO MAKE CONFORMING CHANGES.",https://www.scstatehouse.gov/sess126_2025-2026/bills/3564.docx
3565,Sales tax exemption,House,Erickson,Ways and Means,"A BILL TO AMEND THE SOUTH CAROLINA CODE OF LAWS BY AMENDING SECTION 12-36-2120, RELATING TO EXEMPTIONS FROM SALES TAX, SO AS TO PROVIDE FOR A SALES TAX EXEMPTION FOR BREAST PUMPS.",https://www.scstatehouse.gov/sess126_2025-2026/bills/3565.docx
3566,Fair Claims Accountability Act,House,Garvin,"Labor, Commerce and Industry","A BILL TO AMEND THE SOUTH CAROLINA CODE OF LAWS BY ENACTING THE ""FAIR CLAIMS ACCOUNTABILITY ACT"" BY ADDING SECTION 37-4-305 SO AS TO ESTABLISH THE HEALTHCARE CLAIMS CONSUMER ASSISTANCE PROGRAM (""H-CAP"") AND PROVIDE THAT A HEALTH PLAN OR INSURER IN THIS STATE MAY NOT WRONGFULLY DENY OR INSUFFICIENTLY COVER A VALID CONSUMER INSURANCE CLAIM.",https://www.scstatehouse.gov/sess126_2025-2026/bills/3566.docx
3567,Safety software,House,Guffey,"Labor, Commerce and Industry","A BILL TO AMEND THE SOUTH CAROLINA CODE OF LAWS BY ADDING CHAPTER 31 TO TITLE 37 SO AS TO PROVIDE DEFINITIONS; PROVIDE THAT LARGE SOCIAL MEDIA PLATFORM PROVIDERS SHALL CREATE, MAINTAIN, AND MAKE AVAILABLE TO ANY THIRD-PARTY SAFETY SOFTWARE PROVIDER A SET OF THIRD-PARTY ACCESSIBLE REAL TIME APPLICATION PROGRAMMING INTERFACES; PROVIDE FOR REGISTRATION; PROVIDE FOR GUIDANCE FOR THIRD-PARTY SAFETY SOFTWARE PROVIDERS; PROVIDE FOR GUIDANCE FOR LARGE SOCIAL MEDIA PLATFORMS; PROVIDE FOR CERTAIN EXEMPTIONS FROM LIABILITY; PROVIDE FOR THE DISCLOSURE OF DATA; AND PROVIDE FOR ENFORCEMENT.",https://www.scstatehouse.gov/sess126_2025-2026/bills/3567.docx
3568,Health Disparities Study Committee,House,Henderson-Myers,"Medical, Military, Public and Municipal Affairs",A JOINT RESOLUTION TO ESTABLISH THE SOUTH CAROLINA MINORITY HEALTH DISPARITIES STUDY COMMITTEE TO EXAMINE AND REDUCE HEALTH DISPARITIES AMONG RACIAL AND ETHNIC POPULATIONS.,https://www.scstatehouse.gov/sess126_2025-2026/bills/3568.docx
3569,Domestic violence in rental properties,House,M. M. Smith,Judiciary,"A BILL TO AMEND THE SOUTH CAROLINA CODE OF LAWS BY ADDING SECTION 27-40-350 SO AS TO PROVIDE THAT RESIDENTIAL TENANTS WHO ARE VICTIMS OF CERTAIN DOMESTIC VIOLENCE MAY TERMINATE A RENTAL AGREEMENT AND TO PROVIDE FOR NECESSARY REQUIREMENTS; AND BY AMENDING SECTION 27-40-210, RELATING TO DEFINITIONS, SO AS TO DEFINE TERMS.",https://www.scstatehouse.gov/sess126_2025-2026/bills/3569.docx
3570,Disclosure of Economic Interests,House,Bannister,Judiciary,"A BILL TO AMEND THE SOUTH CAROLINA CODE OF LAWS BY AMENDING SECTION 8-13-100, RELATING TO DEFINITIONS, SO AS TO AMEND ""PUBLIC MEMBER"" TO INCLUDE A PERSON NOMINATED AND APPOINTED TO A NONCOMPENSATED PART-TIME POSITION ON A BOARD, COMMISSION, OR COUNCIL; BY ADDING SECTION 8-13-1100 SO AS TO OUTLINE RESPONSIBILITIES FOR DISCLOSING ECONOMIC INTERESTS; BY AMENDING SECTION 8-13-1110, RELATING TO STATEMENTS OF ECONOMIC INTEREST, SO AS TO ADDRESS AGENCY REQUIREMENTS FOR FILING DISCLOSURE FORMS; BY AMENDING SECTION 8-13-1170, SO AS TO PROVIDE THAT A PUBLIC MEMBER WHO FILES THE INITIAL STATEMENT OF ECONOMIC INTERESTS WITHIN TEN DAYS AFTER NOTICE FROM THE STATE ETHICS COMMISSION SHALL NOT BE IN VIOLATION OF CHAPTER 13, TITLE 8; AND BY AMENDING SECTION 8-13-1356, RELATING TO FILING DEADLINES FOR ECONOMIC INTERESTS STATEMENTS, SO AS TO PROVIDE WHEN CERTAIN CANDIDATES FOR ELECTIVE OFFICE MUST FILE A STATEMENT OF ECONOMIC INTERESTS.",https://www.scstatehouse.gov/sess126_2025-2026/bills/3570.docx
3571,Underground Facility Damage Prevention,House,Hiott,"Labor, Commerce and Industry","A BILL TO AMEND THE SOUTH CAROLINA CODE OF LAWS BY AMENDING SECTION 58-36-20, RELATING TO DEFINITIONS, SO AS TO ADD DEFINITIONS FOR ""LARGE PROJECT,"" ""NOTICE,"" ""PRE-MARKING,"" ""PRIVATE FACILITY,"" ""PROJECT INITIATOR,"" AND ""SOFT DIGGING"" AND TO AMEND THE DEFINITIONS OF ""EXCAVATE,"" ""EXCAVATOR,"" AND ""OPERATOR""; BY AMENDING SECTION 58-36-50, RELATING TO THE OPERATORS ASSOCIATION NOTIFICATION CENTER, SO AS TO CLARIFY OPERATOR PENALTY FOR FAILURE TO BE A MEMBER OF THE ASSOCIATION, THE NOTIFICATION CENTER'S DUTIES, AND OTHER CHANGES; BY AMENDING SECTION 58-36-60, RELATING TO THE NOTICE OF INTENT TO EXCAVATE OR DEMOLISH, SO AS TO PROVIDE ADDITIONAL TIME FOR NOTICE FOR CERTAIN EXCAVATIONS OR DEMOLITIONS AND OTHER CHANGES; BY AMENDING SECTION 58-36-70, RELATING TO INFORMATION SUPPLIED BY OPERATORS, SO AS TO REQUIRE QUARTERLY REPORTS OF DAMAGE CAUSED BY AN EXCAVATION OR DEMOLITION AND TO CLARIFY PAYMENT OF A CIVIL PENALTY IN CERTAIN CIRCUMSTANCES; BY AMENDING SECTION 58-36-80, RELATING TO EMERGENCY EXCAVATIONS OR DEMOLITIONS EXEMPT FROM NOTICE REQUIREMENTS AND LIABILITY FOR DAMAGES, SO AS ESTABLISH ADDITIONAL NOTIFICATION AND RESPONSE REQUIREMENTS IN THE EVENT OF AN EMERGENCY AND TO MAKE A FALSE CLAIM OF AN EMERGENCY A VIOLATION OF THIS CHAPTER; BY AMENDING SECTION 58-36-90, RELATING TO NOTICE OF DAMAGES, SO AS TO REQUIRE AN EXCAVATOR TO IMMEDIATELY REPORT ANY KNOWN DAMAGE TO THE NOTIFICATION CENTER AND FACILITY OPERATOR; BY AMENDING SECTION 58-36-100, RELATING TO DESIGN REQUESTS AND OPERATOR RESPONSE, SO AS TO ADD A REFERENCE TO LARGE PROJECTS; BY AMENDING SECTION 58-36-110, RELATING TO EXEMPTION FROM NOTICE REQUIREMENTS, SO AS TO STRIKE CURRENT PROVISIONS; BY AMENDING SECTION 58-36-120, RELATING TO PENALTIES AND CIVIL REMEDIES, SO AS TO PROVIDE FOR A COMPLAINT PROCESS THROUGH THE ATTORNEY GENERAL'S OFFICE AND PROVIDE FOR PENALTIES; AND BY ADDING SECTION 58-36-75, SO AS TO PROVIDE A PROCESS FOR LARGE PROJECTS.",https://www.scstatehouse.gov/sess126_2025-2026/bills/3571.docx
3572,"Diversity, Equity and Inclusion in Higher Education",House,"Erickson, G. M. Smith, McGinnis",Education and Public Works,"A BILL TO AMEND THE SOUTH CAROLINA CODE OF LAWS BY ADDING SECTION 59-101-680 SO AS TO PROVIDE PUBLIC INSTITUTIONS OF HIGHER LEARNING ARE PROHIBITED FROM USING POLITICAL IDEOLOGY OR STATEMENTS ON DIVERSITY, EQUITY, AND INCLUSION IN MAKING ADMISSIONS OR EMPLOYMENT DECISIONS BY PUBLIC INSTITUTIONS OF HIGHER LEARNING, TO PROHIBIT THE USE OF PUBLIC FUNDS FOR SUCH PURPOSES, TO PROHIBIT SUCH INSTITUTIONS FROM REQUIRING FACULTY OR EMPLOYEES TO COMPLETE DIVERSITY, EQUITY, AND INCLUSION TRAINING OR TAKE ADVERSE ACTION AGAINST FACULTY OR EMPLOYEES WHO REFUSE OR FAIL TO PARTICIPATE IN SUCH TRAINING, TO PROHIBIT SUCH INSTITUTIONS FROM INFRINGING ON FIRST AMENDMENT RIGHTS OF FREE SPEECH OF STUDENTS, FACULTY, OR EMPLOYEES, TO PROVIDE REPORTING REQUIREMENTS, TO CLARIFY THE APPLICABILITY OF THESE PROVISIONS, AND TO PROVIDE INSTITUTIONS SHALL PROVIDE ELECTRONIC COPIES OF THESE PROVISIONS TO STUDENTS, EMPLOYEES, AND FACULTY, AMONG OTHER THINGS.",https://www.scstatehouse.gov/sess126_2025-2026/bills/3572.docx
3573,Universal Head Start and Early Head Start Act,House,Garvin,Education and Public Works,"A BILL TO AMEND THE SOUTH CAROLINA CODE OF LAWS BY ENACTING THE ""UNIVERSAL HEAD START AND EARLY HEAD START ACT""; BY ADDING SECTION 59-152-170 SO AS TO ESTABLISH THE GOAL OF OFFERING EVIDENCE-BASED HEAD START AND EARLY HEAD START PROGRAMS UNIVERSALLY TO ELIGIBLE FAMILIES, TO PROVIDE RELATED IMPLEMENTATION AND OTHER REQUIREMENTS FOR THE OFFICE OF FIRST STEPS TO SCHOOL READINESS, TO DEFINE NECESSARY TERMS, AND TO PROVIDE PRIVACY MEASURES AND RELATED MEASURES.",https://www.scstatehouse.gov/sess126_2025-2026/bills/3573.docx
3574,Discpilinary notice langauge requirements,House,Gatch,Education and Public Works,"A BILL TO AMEND THE SOUTH CAROLINA CODE OF LAWS BY ADDING SECTION 59-63-215 SO AS TO PROVIDE SCHOOLS AND SCHOOL DISTRICTS SHALL PROVIDE WRITTEN NOTICE OF CERTAIN DISCIPLINARY MATTERS IN THE LANGUAGE SPOKEN BY THE PARENT OR GUARDIAN; BY AMENDING SECTION 59-63-32, RELATING TO REQUIREMENTS FOR ENROLLING CHILDREN IN PUBLIC SCHOOLS, SO AS TO PROVIDE DISTRICTS SHALL REQUIRE ADULTS SEEKING TO ENROLL CHILDREN TO STATE THEIR WRITTEN PREFERENCE FOR RECEIVING COMMUNICATIONS CONCERNING DISCIPLINARY AND OTHER MATTERS FROM THE DISTRICT; AND BY AMENDING SECTION 59-63-217, RELATING TO BARRING ENROLLMENT OF STUDENTS ON CERTAIN GROUNDS, SO AS TO PROVIDE MANDATORY NOTICE OF SUCH ACTIONS MUST BE PROVIDED IN WRITING TO PARENTS OR GUARDIANS.",https://www.scstatehouse.gov/sess126_2025-2026/bills/3574.docx
3575,Pharmacy insurance benefits cost-sharing,House,"Hardee, Schuessler","Labor, Commerce and Industry","A BILL TO AMEND THE SOUTH CAROLINA CODE OF LAWS BY ADDING SECTION 38-71-292 AND SECTION 38-71-820 BOTH SO AS TO DEFINE TERMS AND OUTLINE THE APPLICABILITY AND REQUIREMENTS FOR COST SHARING FOR INSURERS; BY ADDING SECTION 38-71-2270 SO AS TO DEFINE TERMS AND OUTLINE THE APPLICABILITY AND REQUIREMENTS FOR COST SHARING FOR PHARMACY BENEFIT MANAGERS; AND BY AMENDING SECTION 38-71-2200, RELATING TO DEFINITIONS CONCERNING PHARMACY BENEFITS MANAGERS, SO AS TO MAKE CONFORMING CHANGES.",https://www.scstatehouse.gov/sess126_2025-2026/bills/3575.docx
3576,Luke Barrett Act,House,Lawson,Education and Public Works,"A BILL TO AMEND THE SOUTH CAROLINA CODE OF LAWS BY ENACTING THE ""LUKE BARRETT ACT"" BY ADDING SECTION 59-17-165 SO AS TO PROVIDE DEFINITIONS, TO PROVIDE FOR THE DEVELOPMENT AND IMPLEMENTATION OF CARDIAC EMERGENCY RESPONSE PLANS IN PUBLIC SCHOOLS AND FOR SCHOOL-SPONSORED ATHLETIC PRACTICES AND EVENTS, TO PROVIDE REQUIREMENTS FOR THE DEVELOPMENT AND CONTENTS OF THE PLANS, TO PROVIDE TRAINING REQUIREMENTS RELATED TO THE PROGRAM, AND TO PROVIDE CERTAIN IMMUNITY FOR ACTIONS UNDERTAKEN PURSUANT TO THIS ACT, AMONG OTHER THINGS; AND BY AMENDING SECTION 59-17-155, RELATING TO AUTOMATED EXTERNAL DEFIBRILLATOR PROGRAMS IN PUBLIC HIGH SCHOOLS, SO AS TO EXPAND THE PROVISIONS TO COVER ALL PUBLIC SCHOOLS INCLUDING CHARTER SCHOOLS, TO PROVIDE PUBLIC SCHOOLS SHALL ENSURE ACCESSIBILITY TO AUTOMATIC EXTERNAL DEFIBRILLATORS AT SCHOOL AND OFF-SITE ATHLETIC EVENTS, TO PROVIDE TESTING AND MAINTENANCE REQUIREMENTS FOR THE AUTOMATIC EXTERNAL DEFIBRILLATORS, AND TO PROVIDE RELATED TRAINING REQUIREMENTS.",https://www.scstatehouse.gov/sess126_2025-2026/bills/3576.docx
3577,Nursing loan and scholarship forgiveness,House,McDaniel,Education and Public Works,"A BILL TO AMEND THE SOUTH CAROLINA CODE OF LAWS BY AMENDING SECTION 59-110-60, RELATING TO SCHOLARSHIPS, STUDENT LOANS, AND GRANTS UNDER THE SOUTH CAROLINA CRITICAL NEEDS NURSING INITIATIVE ACT, SO AS TO EXPAND THE AVAILABILITY OF LOANS FOR NURSING EDUCATION TO STUDENTS WHO CONTRACTUALLY AGREE TO PRACTICE NURSING IN CERTAIN CRITICAL NEEDS GEOGRAPHIC AREAS, AND TO PROVIDE REQUIRED TERMS AND CONDITIONS OF SUCH CONTRACTS.",https://www.scstatehouse.gov/sess126_2025-2026/bills/3577.docx
3578,Cursive writing coursework,House,Rivers,Education and Public Works,"A BILL TO AMEND THE SOUTH CAROLINA CODE OF LAWS BY AMENDING SECTION 59-29-15, RELATING TO THE REQUIREMENT THAT CURSIVE WRITING BE TAUGHT IN PUBLIC ELEMENTARY SCHOOLS, SO AS TO SPECIFY THAT THE CURSIVE WRITING INSTRUCTION MUST BEGIN IN SECOND GRADE AND CONTINUE IN EACH GRADE THROUGH FIFTH GRADE.",https://www.scstatehouse.gov/sess126_2025-2026/bills/3578.docx
3579,Physician assistants,House,M. M. Smith,"Labor, Commerce and Industry","A BILL TO AMEND THE SOUTH CAROLINA CODE OF LAWS BY ADDING SECTION 40-47-937 SO AS TO PROVIDE PHYSICIAN ASSISTANTS WHO MEET CERTAIN POSTGRADUATE CLINICAL EXPERIENCE AND PRACTICE EXPERIENCE MAY PRACTICE PURSUANT ONLY TO AN ATTESTATION STATEMENT, AND TO PROVIDE FOR THE FUNCTIONS, LOCATIONS, AND COLLABORATION REQUIREMENTS ALLOWED UNDER THESE PRACTICE ARRANGEMENTS; BY ADDING SECTION 40-47-939 SO AS TO PROVIDE THAT CERTAIN PHYSICIAN ASSISTANTS LICENSED IN OTHER JURISDICTIONS MAY PROVIDE EMERGENCY CARE IN THIS STATE UNDER CERTAIN CIRCUMSTANCES, AND TO LIMIT THEIR LIABILITY FOR PROVIDING SUCH CARE; BY AMENDING SECTION 40-47-10, RELATING TO THE STATE BOARD OF MEDICAL EXAMINERS, SO AS TO REVISE THE COMPOSITION OF THE BOARD TO INCLUDE TWO PHYSICIAN ASSISTANTS, TO PROVIDE FOR THEIR MANNER OF APPOINTMENT AND THE FILLING OF VACANCIES, AND TO LIMIT THEIR TERMS OF SERVICE; BY AMENDING SECTION 40-47-20, RELATING TO DEFINITIONS CONCERNING THE MEDICAL PRACTICE ACT, SO AS TO REVISE VARIOUS DEFINITIONS; BY AMENDING SECTION 40-47-113, RELATING TO REQUIREMENTS CONCERNING PHYSICIAN-PATIENT RELATIONSHIPS AND THE PRESCRIBING OF DRUGS, SO AS TO MAKE CONFORMING CHANGES; BY AMENDING SECTION 40-47-195, RELATING TO SUPERVISING PHYSICIANS AND SCOPE OF PRACTICE GUIDELINES, SO AS TO REMOVE CERTAIN LIMITATIONS IMPOSED ON SUPERVISING PHYSICIANS; BY AMENDING SECTION 40-47-196, RELATING TO THE DELEGATION OF TASKS TO CERTIFIED MEDICAL ASSISTANTS, SO AS TO MAKE TECHNICAL CHANGES; BY AMENDING SECTION 40-47-910, RELATING TO DEFINITIONS IN THE SOUTH CAROLINA PHYSICIAN ASSISTANTS PRACTICE ACT, SO AS TO REVISE NECESSARY DEFINITIONS; BY AMENDING SECTION 40-47-915, RELATING TO THE APPLICATION OF THE SOUTH CAROLINA PHYSICIAN ASSISTANTS PRACTICE ACT, SO AS TO REVISE REQUIREMENTS CONCERNING PHYSICIAN ASSISTANTS STUDENTS; BY AMENDING SECTION 40-47-935, RELATING TO ACTS AND DUTIES AUTHORIZED TO BE PERFORMED BY PHYSICIAN ASSISTANTS, SO AS TO CLARIFY AND EXPAND THE AUTHORIZED ACTS AND DUTIES; BY AMENDING SECTION 40-47-965, RELATING TO REQUIREMENTS FOR WRITING PRESCRIPTIONS FOR DRUGS, CONTROLLED SUBSTANCES, AND MEDICAL DEVICES BY PHYSICIAN ASSISTANTS, SO AS TO REVISE THE REQUIREMENTS; BY AMENDING SECTION 40-47-1000, RELATING TO THE UNLAWFUL HOLDING OF ONESELF OUT AS A PHYSICIAN ASSISTANT, SO AS TO PROVIDE FOR THE LAWFUL AND UNLAWFUL USE OF CERTAIN ABBREVIATIONS INDICATIVE OF LICENSURE AS A PHYSICIAN ASSISTANT; BY AMENDING SECTION 40-47-1005, RELATING TO MISCONDUCT MANDATING REVOCATION OR DENIAL OF A PHYSICIAN ASSISTANT LICENSE, SO AS TO SPECIFICALLY AUTHORIZE THE BOARD TO DISCIPLINE PHYSICIAN ASSISTANTS FOR MISCONDUCT,  TO REVISE THE BASES FOR MISCONDUCT, AND TO PROVIDE REMEDIES AVAILABLE TO THE BOARD UPON FINDING MISCONDUCT; BY AMENDING SECTION 40-47-1020, RELATING TO THIRD-PARTY REIMBURSEMENT TO PHYSICIAN ASSISTANTS, SO AS TO MAKE SUCH PAYMENTS MANDATORY IN CERTAIN CIRCUMSTANCES, AND TO PROVIDE INSURANCE COMPANIES AND THIRD-PARTY PAYERS MAY NOT IMPOSE MORE RESTRICTIVE OR CONTRADICTORY PRACTICE, EDUCATION, OR COLLABORATION REQUIREMENTS; BY AMENDING SECTION 44-80-120, RELATING TO THE AUTHORITY OF PHYSICIAN ASSISTANTS TO CREATE, EXECUTE, AND SIGN POST FORMS, SO AS TO REMOVE OBSOLETE SCOPE OF PRACTICE AND SUPERVISING PHYSICIAN REQUIREMENTS; BY AMENDING SECTION 44-99-10, RELATING TO DEFINITIONS CONCERNING EMERGENCY ANAPHYLAXIS TREATMENTS, SO AS TO REMOVE OBSOLETE LANGUAGE; BY AMENDING SECTION 59-63-75, RELATING TO CONCUSSION PROTOCOL FOR STUDENT ATHLETES, SO AS TO INCLUDE PHYSICIAN ASSISTANTS AMONG PERSONS AUTHORIZED TO REMOVE STUDENT ATHLETES SUSPECTED OF HAVING SUSTAINED A CONCUSSION FROM COMPETITION, AND TO REMOVE OBSOLETE LANGUAGE; AND BY AMENDING SECTION 59-63-95, RELATING TO THE PRESCRIPTION OF LIFESAVING MEDICATIONS TO BE MAINTAINED AND USED BY PUBLIC SCHOOLS, SO AS TO MAKE CONFORMING CHANGES.",https://www.scstatehouse.gov/sess126_2025-2026/bills/3579.docx
3580,Advanced Practice Registered Nurse practice authority,House,"M. M. Smith, Collins","Medical, Military, Public and Municipal Affairs","A BILL TO AMEND THE SOUTH CAROLINA CODE OF LAWS BY ADDING SECTION 40-33-31 SO AS TO PROVIDE THE BOARD OF NURSING MAY GRANT FULL PRACTICE AUTHORITY TO ADVANCED PRACTICE REGISTERED NURSES WHO MEET CERTAIN CRITERIA, TO PROVIDE REQUIREMENTS OF THE BOARD, AND TO PROVIDE DEFINITIONS; BY AMENDING SECTION 40-33-20, RELATING TO DEFINITIONS CONCERNING THE PRACTICE OF NURSING, SO AS TO MAKE CONFORMING CHANGES AND OTHER REVISIONS; BY AMENDING SECTION 40-33-34, RELATING TO ADVANCED PRACTICE REGISTERED NURSE APPLICATION REQUIREMENTS, PRACTICE AGREEMENTS, ALLOWED MEDICAL ACTS, AND PRESCRIPTIVE AUTHORITY, AMONG OTHER THINGS, SO AS TO MAKE CONFORMING CHANGES AND OTHER CHANGES; BY AMENDING SECTION 40-33-42, RELATING TO DELEGATION OF TASKS TO UNLICENSED ASSISTIVE PERSONNEL, SO AS TO MAKE CONFORMING CHANGES; AND BY AMENDING SECTION 40-33-110, RELATING TO GROUNDS FOR DISCIPLINE OF LICENSEES, SO AS TO MAKE CONFORMING CHANGES.",https://www.scstatehouse.gov/sess126_2025-2026/bills/3580.docx
3581,College immunizations,House,Spann-Wilder,Education and Public Works,"A BILL TO AMEND THE SOUTH CAROLINA CODE OF LAWS BY AMENDING SECTION 59-101-290, RELATING TO THE REQUIRED NOTIFICATION OF INCOMING STUDENTS AT PUBLIC INSTITUTIONS OF HIGHER LEARNING ABOUT MENINGOCOCCAL DISEASE A AND B AND HEPATITIS B CONTRACTION RISKS, SO AS TO PROVIDE EVERY STUDENT WHO ATTENDS A PUBLIC INSTITUTION OF HIGHER LEARNING IN THIS STATE MUST BE VACCINATED FOR THOSE DISEASES AND DOCUMENT COMPLIANCE WITH THESE REQUIREMENTS PRIOR TO ENROLLMENT AND THEREAFTER AS NEEDED TO DEMONSTRATE ONGOING COMPLIANCE, TO IMPOSE RELATED REQUIREMENTS ON PUBLIC INSTITUTIONS OF HIGHER LEARNING, TO PROVIDE EXCEPTIONS WHEN MEDICALLY NECESSARY, AND TO DEFINE NECESSARY TERMINOLOGY.",https://www.scstatehouse.gov/sess126_2025-2026/bills/3581.docx
3582,Forming Open and Robust Minds (FORUM) Act,House,Taylor,Education and Public Works,"A BILL TO AMEND THE SOUTH CAROLINA CODE OF LAWS BY ENACTING THE ""FORMING OPEN AND ROBUST UNIVERSITY MINDS (FORUM) ACT"" BY ADDING CHAPTER 148 TO TITLE 59 SO AS TO DEFINE NECESSARY TERMS, TO PROVIDE MEASURES TO PROTECT EXPRESSIONS BY STUDENTS AND STUDENT ORGANIZATIONS IN CERTAIN PLACES ON THE CAMPUSES OF PUBLIC INSTITUTIONS OF HIGHER LEARNING IN THIS STATE, TO PROVIDE RELATED REQUIREMENTS FOR POLICIES AND PROCEDURES, TO PROVIDE SPECIFIC RESPONSIBILITIES OF PUBLIC INSTITUTIONS OF HIGHER LEARNING, AND TO PROVIDE MEANS OF REDRESS FOR VIOLATIONS OF THIS ACT, AMONG OTHER THINGS.",https://www.scstatehouse.gov/sess126_2025-2026/bills/3582.docx
3583,Public school support staff compensation,House,Williams,Ways and Means,"A BILL TO AMEND THE SOUTH CAROLINA CODE OF LAWS BY ADDING SECTION 59-1-355 SO AS TO PROVIDE A MINIMUM WAGE SCALE FOR PUBLIC SCHOOL SUPPORT STAFF, TO REQUIRE PUBLICATION OF THE MINIMUM WAGE SCALE BY THE STATE DEPARTMENT OF EDUCATION, AND TO PROVIDE MEANS FOR REDRESS; AND TO MAKE THE PROVISIONS OF THIS ACT EFFECTIVE JULY 1, 2026.",https://www.scstatehouse.gov/sess126_2025-2026/bills/3583.docx
3584,Local (Darlington County),House,Williams,Ways and Means,"A JOINT RESOLUTION TO AUTHORIZE THE SOUTH CAROLINA DEPARTMENT OF ADMINISTRATION, OR ITS SUCCESSOR STATE AGENCY, TO TRANSFER OWNERSHIP OF DARGAN'S POND IN DARLINGTON COUNTY FROM CLEMSON UNIVERSITY TO FRANCIS MARION UNIVERSITY.",https://www.scstatehouse.gov/sess126_2025-2026/bills/3584.docx
3585,Employee leave for school functions,House,Williams,Ways and Means,"A BILL TO AMEND THE SOUTH CAROLINA CODE OF LAWS BY ADDING SECTION 59-1-456 SO AS TO PROVIDE THAT AN EMPLOYEE MAY BE GRANTED BY HIS EMPLOYER A SPECIFIED AMOUNT OF ADDITIONAL PAID LEAVE EACH YEAR FOR THE PURPOSE OF ATTENDING CERTAIN ELEMENTARY AND SECONDARY SCHOOL CONFERENCES OR ACTIVITIES DURING THE EMPLOYEE'S WORK HOURS OR TO ENGAGE IN CERTAIN VOLUNTEER TEACHING ACTIVITIES IN THE SCHOOLS, TO PROVIDE THAT THE EMPLOYERS OF THESE EMPLOYEES ARE ENTITLED TO A SPECIFIED STATE INCOME TAX DEDUCTION FOR THESE ACTIVITIES, AND TO PROVIDE THE PROCEDURES NECESSARY TO IMPLEMENT THE PROVISIONS OF THIS SECTION.",https://www.scstatehouse.gov/sess126_2025-2026/bills/3585.docx
3586,Health insurance coverage,House,Williams,"Labor, Commerce and Industry","A BILL TO AMEND THE SOUTH CAROLINA CODE OF LAWS BY ADDING SECTION 38-71-660 SO AS TO REQUIRE ISSUERS OF INDIVIDUAL HEALTH INSURANCE COVERAGE IN THIS STATE TO ISSUE INDIVIDUAL HEALTH INSURANCE COVERAGE FOR MINOR CHILDREN REGARDLESS OF WHETHER THE CHILD IS A DEPENDENT OF AN INSURED OF THE ISSUER; AND TO AMEND SECTION 38-71-145, RELATING TO REQUIRED COVERAGE IN INDIVIDUAL AND GROUP HEALTH INSURANCE POLICIES AND HEALTH MAINTENANCE ORGANIZATION POLICES, SO AS TO REQUIRE COVERAGE FOR MATERNITY CARE, AND TO DEFINE ""MATERNITY CARE.""",https://www.scstatehouse.gov/sess126_2025-2026/bills/3586.docx
3587,Criminally negligent storage of firearms,House,"Bernstein, Calhoon",Judiciary,"A BILL TO AMEND THE SOUTH CAROLINA CODE OF LAWS BY ADDING SECTION 16-23-540 SO AS TO CREATE THE OFFENSE OF CRIMINALLY NEGLIGENT STORAGE OF A FIREARM, DEFINE NECESSARY TERMS, AND ESTABLISH PENALTIES FOR VIOLATIONS, AMONG OTHER THINGS.",https://www.scstatehouse.gov/sess126_2025-2026/bills/3587.docx
3588,Uncontested municipal primary elections,House,"Bowers, Hiott",Judiciary,"A BILL TO AMEND THE SOUTH CAROLINA CODE OF LAWS BY ADDING SECTION 5-15-112 SO AS TO PROVIDE THAT A PERSON SEEKING ELECTION FOR CERTAIN MUNICIPAL OFFICES BY WRITE-IN VOTES MUST TIMELY FILE A DECLARATION OF WRITE-IN CANDIDACY IN ORDER FOR WRITE-IN VOTES TO BE COUNTED IN HIS FAVOR; AND BY ADDING SECTION 5-15-115 SO AS TO PROVIDE THAT AN UNCONTESTED CANDIDATE FOR A MUNICIPAL OFFICE IS DEEMED ELECTED, AND SUCH OFFICE IS NOT REQUIRED TO APPEAR ON THE GENERAL OR SPECIAL ELECTION BALLOT, AS APPLICABLE.",https://www.scstatehouse.gov/sess126_2025-2026/bills/3588.docx
3589,Ranked choice voting,House,J. L. Johnson,Judiciary,"A BILL TO AMEND THE SOUTH CAROLINA CODE OF LAWS BY ADDING SECTION 7-13-200 SO AS TO ESTABLISH THE INSTANT RUNOFF METHOD OF CONDUCTING CERTAIN LOCAL ELECTIONS; BY AMENDING SECTION 5-15-20, RELATING TO METHODS OF ELECTION FOR MUNICIPAL COUNCILS, SO AS TO ALLOW FOR MULTIPLE MEMBER ELECTION DISTRICTS; BY AMENDING SECTION 5-15-60, RELATING TO METHODS FOR NOMINATING CANDIDATES FOR AND DETERMINING RESULTS OF NONPARTISAN MUNICIPAL ELECTIONS, SO AS TO ADD THE INSTANT RUNOFF METHOD; AND BY AMENDING SECTION 7-17-610, RELATING TO THE METHOD FOR DETERMINING WHAT CANDIDATES HAVE RECEIVED A MAJORITY VOTE FOR A PARTICULAR OFFICE, SO AS TO CLARIFY ITS APPLICATION TO ELECTIONS UNDER THE INSTANT RUNOFF VOTING METHOD.",https://www.scstatehouse.gov/sess126_2025-2026/bills/3589.docx
3590,Qualifications for elected office,House,Kilmartin,Judiciary,"A BILL TO AMEND THE SOUTH CAROLINA CODE OF LAWS BY ADDING SECTION 7-11-17 SO AS TO PROVIDE THAT THE QUALIFICATIONS FOR ANY ELECTED OFFICE IN THIS STATE DO NOT INCLUDE ANY HIGHER EDUCATION REQUIREMENTS; BY AMENDING SECTION 14-23-1040, RELATING TO QUALIFICATIONS OF PROBATE JUDGES, SO AS TO MAKE CONFORMING CHANGES; BY AMENDING SECTION 23-11-110, RELATING TO QUALIFICATIONS OF SHERIFFS, SO AS TO MAKE CONFORMING CHANGES; AND BY REPEALING SECTION 59-3-10 RELATING TO THE APPOINTMENT, COMPENSATION, AND QUALIFICATIONS OF THE STATE SUPERINTENDENT OF EDUCATION.",https://www.scstatehouse.gov/sess126_2025-2026/bills/3590.docx
3591,Drug-induced homicide,House,"Pope, Mitchell, Gilliam, Bailey, Wooten",Judiciary,"A BILL TO AMEND THE SOUTH CAROLINA CODE OF LAWS BY ADDING SECTION 16-3-80 SO AS TO CREATE THE OFFENSE OF DRUG-INDUCED HOMICIDE, TO PROVIDE A PENALTY FOR A VIOLATION, AND TO PROHIBIT AN AFFIRMATIVE DEFENSE; AND BY AMENDING SECTION 16-1-10, RELATING TO THE CATEGORIZATION OF FELONIES AND MISDEMEANORS, SO AS TO ADD DRUG-INDUCED HOMICIDE.",https://www.scstatehouse.gov/sess126_2025-2026/bills/3591.docx
3592,"Bond, credit for time served",House,"Gatch, Rutherford",Judiciary,"A BILL TO AMEND THE SOUTH CAROLINA CODE OF LAWS BY AMENDING SECTION 24-13-40, RELATING TO COMPUTATION OF TIME SERVED BY PRISONERS, SO AS TO REMOVE THE PROHIBITION ON PERSONS ON BOND UNDER CERTAIN CIRCUMSTANCES FROM RECEIVING CREDIT FOR TIME SERVED.",https://www.scstatehouse.gov/sess126_2025-2026/bills/3592.docx
3593,"Wiretapping, all parties",House,Gatch,Judiciary,"A BILL TO AMEND THE SOUTH CAROLINA CODE OF LAWS BY AMENDING SECTION 17-30-30, RELATING TO THE INTERCEPTION OF WIRE, ORAL, OR ELECTRONIC COMMUNICATIONS BY EMPLOYEES OF THE FEDERAL COMMUNICATIONS COMMISSION AND BY PERSONS ACTING UNDER COLOR OF LAW OR OTHERWISE, SO AS TO PROVIDE INTERCEPTION OF WIRE, ORAL, OR ELECTRONIC COMMUNICATIONS BY PERSONS IS LAWFUL IF ALL PARTIES CONSENT PRIOR TO THE INTERCEPTION.",https://www.scstatehouse.gov/sess126_2025-2026/bills/3593.docx
3594,"Wiretapping, all parties",House,Henderson-Myers,Judiciary,"A BILL TO AMEND THE SOUTH CAROLINA CODE OF LAWS BY AMENDING SECTION 17-30-30, RELATING TO THE INTERCEPTION OF WIRE, ORAL, OR ELECTRONIC COMMUNICATIONS BY EMPLOYEES OF THE FEDERAL COMMUNICATIONS COMMISSION AND BY PERSONS ACTING UNDER COLOR OF LAW OR OTHERWISE, SO AS TO PROVIDE INTERCEPTION OF WIRE, ORAL, OR ELECTRONIC COMMUNICATIONS BY PERSONS IS LAWFUL IF ALL PARTIES CONSENT PRIOR TO THE INTERCEPTION.",https://www.scstatehouse.gov/sess126_2025-2026/bills/3594.docx
3595,Juvenile Diversion Court,House,Henderson-Myers,Judiciary,"A BILL TO AMEND THE SOUTH CAROLINA CODE OF LAWS BY ADDING ARTICLE 25 TO CHAPTER 19, TITLE 63 SO AS TO ESTABLISH JUVENILE PRETRIAL DIVERSION COURTS FOR CERTAIN CHILDREN WHO COMMIT FIRST-TIME, NONVIOLENT STATUS OFFENSES OR DELINQUENT ACTS, TO ESTABLISH PARAMETERS FOR ELIGIBILITY, AND TO DIRECT THE DEPARTMENT OF JUVENILE JUSTICE TO ESTABLISH PREDETENTION DIVERSION PROGRAMS FOR PARTICIPANTS, AMONG OTHER THINGS.",https://www.scstatehouse.gov/sess126_2025-2026/bills/3595.docx
3596,Access to firearms by children,House,Jones,Judiciary,"A BILL TO AMEND THE SOUTH CAROLINA CODE OF LAWS BY ENACTING ""THE KINGSTON ACT"" BY ADDING ARTICLE 6 TO CHAPTER 23, TITLE 16 SO AS TO TITLE THE ARTICLE ""ACCESS TO FIREARMS BY CHILDREN,"" DEFINE NECESSARY TERMS, AND TO CREATE THE OFFENSES OF UNSECURED FIREARM AND UNSUPERVISED CHILD FIREARM USE AND PROVIDE GRADUATED PENALTIES FOR VIOLATIONS.",https://www.scstatehouse.gov/sess126_2025-2026/bills/3596.docx
3597,Reduction of sentences for substantial assistance,House,"Robbins, T. Moore",Judiciary,"A BILL TO AMEND THE SOUTH CAROLINA CODE OF LAWS BY AMENDING SECTION 17-25-65, RELATING TO THE REDUCTION OF A SENTENCE FOR SUBSTANTIAL ASSISTANCE TO THE STATE, SO AS TO REQUIRE NOTICE TO THE ARRESTING LAW ENFORCEMENT AGENCY AND ANY VICTIMS, TO REQUIRE A HEARING WITH FINDINGS OF FACT IN A WRITTEN ORDER, TO REQUIRE VERIFICATION OF SUBSTANTIAL ASSISTANCE BY LAW ENFORCEMENT OR THE CORRECTIONAL FACILITY, AND TO ALLOW REDUCTION OF MANDATORY MINIMUM SENTENCES IN THE DISCRETION OF THE JUDGE.",https://www.scstatehouse.gov/sess126_2025-2026/bills/3597.docx
3598,"Reporting information to SLED, firearms background checks",House,Stavrinakis,Judiciary,"A BILL TO AMEND THE SOUTH CAROLINA CODE OF LAWS BY AMENDING SECTION 14-17-325, RELATING TO REQUIRING CLERKS OF COURT TO REPORT THE DISPOSITION OF EACH CASE IN GENERAL SESSIONS COURT, SO AS TO REQUIRE THAT CLERKS OF COURT REPORT THE DISPOSITION OF CASES TO THE STATE LAW ENFORCEMENT DIVISION WITHIN FORTY-EIGHT HOURS OF THE ISSUANCE OF CERTAIN ORDERS; BY AMENDING SECTION 22-1-200, RELATING TO REQUIRING MAGISTRATES TO REPORT THE DISPOSITION OF EACH CASE TO THE STATE LAW ENFORCEMENT, SO AS TO REQUIRE THAT MAGISTRATES REPORT THE DISPOSITION OF CASES TO THE STATE LAW ENFORCEMENT DIVISION WITHIN FORTY-EIGHT HOURS OF THE ISSUANCE OF CERTAIN ORDERS; BY AMENDING SECTION 14-25-250, RELATING TO REQUIRING MUNICIPAL JUDGES TO REPORT THE DISPOSITION OF EACH CRIMINAL CASE, SO AS TO REQUIRE THAT MUNICIPAL JUDGES REPORT THE DISPOSITION OF CASES TO THE STATE LAW ENFORCEMENT DIVISION WITHIN FORTY-EIGHT HOURS OF THE ISSUANCE OF CERTAIN ORDERS; BY ADDING SECTION 23-1-260 SO AS TO REQUIRE EACH LAW ENFORCEMENT AGENCY TO REPORT TO THE STATE LAW ENFORCEMENT DIVISION WITHIN TWENTY-FOUR HOURS OF THE FILINGS OF CERTAIN INCIDENT REPORTS; AND BY ADDING ARTICLE 9 TO CHAPTER 23, TITLE 16 SO AS TO DEFINE NECESSARY TERMS, TO REQUIRE THAT NO GUN TRANSFER PRECEDED BY A CRIMINAL BACKGROUND CHECK MAY PROCEED, UNLESS THE CRIMINAL BACKGROUND CHECK HAS CONCLUDED THAT THE SALE MAY PROCEED, OR UNTIL AT LEAST FIVE DAYS HAVE PASSED FROM THE INITIATION OF THE BACKGROUND CHECK AND THE NATIONAL INSTANT CRIMINAL BACKGROUND CHECK SYSTEM HAS NOT REPORTED THAT THE SALE WOULD VIOLATE STATE OR FEDERAL LAW, AND TO PROVIDE FOR CRIMINAL PENALTIES FOR VIOLATIONS OF THIS ARTICLE.",https://www.scstatehouse.gov/sess126_2025-2026/bills/3598.docx
3599,"Courts, transfer of criminal cases from general sessions",House,Stavrinakis,Judiciary,"A BILL TO AMEND THE SOUTH CAROLINA CODE OF LAWS BY AMENDING SECTION 22-3-545, RELATING TO TRANSFER OF CERTAIN CRIMINAL CASES FROM GENERAL SESSIONS COURT, SO AS TO PROVIDE THAT CRIMINAL CASES IN WHICH THE PENALTY DOES NOT EXCEED THREE YEARS, RATHER THAN ONE YEAR, MAY BE TRANSFERRED FROM GENERAL SESSIONS COURT.",https://www.scstatehouse.gov/sess126_2025-2026/bills/3599.docx
3600,Review of Presidential Executive Orders,House,Taylor,Judiciary,"A BILL TO AMEND THE SOUTH CAROLINA CODE OF LAWS BY ADDING SECTION 1-7-95 SO AS TO PROVIDE THAT THE GENERAL ASSEMBLY, EITHER OF ITS RESPECTIVE BODIES, A STANDING COMMITTEE, THE SPEAKER OF THE HOUSE OF REPRESENTATIVES, THE PRESIDENT OF THE SENATE, OR NOT LESS THAN FIVE MEMBERS OF THE GENERAL ASSEMBLY MAY REVIEW ANY PRESIDENTIAL EXECUTIVE ORDER NOT AFFIRMED BY CONGRESS AND MAY RECOMMEND THAT THE ATTORNEY GENERAL REVIEW A PRESIDENTIAL EXECUTIVE ORDER TO DETERMINE ITS CONSTITUTIONALITY UNDER CERTAIN CIRCUMSTANCES.",https://www.scstatehouse.gov/sess126_2025-2026/bills/3600.docx
3601,Hemp Derived Canabis,House,Henderson-Myers,Judiciary,A BILL TO AMEND THE SOUTH CAROLINA CODE OF LAWS BY ADDING CHAPTER 56 TO TITLE 46 SO AS TO REGULATE THE SALE AND DISTRIBUTION OF PRODUCTS CONTAINING HEMP-DERIVED CANNABINOID.,https://www.scstatehouse.gov/sess126_2025-2026/bills/3601.docx
3602,Jaden's Law,House,J. L. Johnson,Judiciary,"A BILL TO AMEND THE SOUTH CAROLINA CODE OF LAWS BY ENACTING ""JADEN'S LAW""; BY ADDING SECTION 50-21-118 SO AS TO PROVIDE THE RESPONSIBILITIES OF VARIOUS LAW ENFORCEMENT AGENCIES, FIRST RESPONDERS, AND EMERGENCY MANAGEMENT SERVICE PROVIDERS WHEN CERTAIN BOATING ACCIDENTS OCCUR, AND TO PROVIDE BOAT LANDINGS MUST BE CLEARLY IDENTIFIED.",https://www.scstatehouse.gov/sess126_2025-2026/bills/3602.docx
3603,Domestic Violence,House,"Bernstein, Calhoon",Judiciary,"A BILL TO AMEND THE SOUTH CAROLINA CODE OF LAWS BY AMENDING SECTION 20-4-20, RELATING TO DEFINITIONS, SO AS TO CHANGE THE DEFINITION OF ""HOUSEHOLD MEMBER"" AND TO DEFINE ""DATING RELATIONSHIP""; AND BY AMENDING SECTION 20-4-40, RELATING TO PETITIONS FOR AN ORDER OF PROTECTION, SO AS TO DESIGNATE PEOPLE WHO CAN APPLY FOR AN ORDER OF PROTECTION ON BEHALF OF A MINOR.",https://www.scstatehouse.gov/sess126_2025-2026/bills/3603.docx
3604,Sex offenders,House,King,Judiciary,"A BILL TO AMEND THE SOUTH CAROLINA CODE OF LAWS BY ADDING SECTION 23-3-560 SO AS TO PROVIDE PERSONS WHO ARE REQUIRED TO REGISTER AS SEX OFFENDERS MAY PETITION THE COURT TO TERMINATE THE REGISTRATION REQUIREMENT TEN YEARS FROM THE DATE OF INITIAL REGISTRATION UNDER CERTAIN CIRCUMSTANCES; AND BY AMENDING SECTION 23-3-460, RELATING TO BIANNUAL REGISTRATION FOR LIFE, SO AS TO PROVIDE THE MAXIMUM PERIOD OF REGISTRATION IS FIFTEEN YEARS.",https://www.scstatehouse.gov/sess126_2025-2026/bills/3604.docx
3605,Alimony,House,Gatch,Judiciary,"A BILL TO AMEND THE SOUTH CAROLINA CODE OF LAWS BY AMENDING SECTION 20-3-130, RELATING TO ALIMONY, SO AS TO DEFINE ""EARNING POTENTIAL.""",https://www.scstatehouse.gov/sess126_2025-2026/bills/3605.docx
3606,Legal Custody,House,Gatch,Judiciary,"A BILL TO AMEND THE SOUTH CAROLINA CODE OF LAWS BY AMENDING SECTION 63-15-210, RELATING TO DEFINITIONS PERTAINING TO CHILD CUSTODY, SO AS TO ADD A DEFINITION FOR ""LEGAL CUSTODY.""",https://www.scstatehouse.gov/sess126_2025-2026/bills/3606.docx
3607,Alimony,House,Gatch,Judiciary,"A BILL TO AMEND THE SOUTH CAROLINA CODE OF LAWS BY AMENDING SECTION 20-3-130, RELATING TO ALIMONY, SO AS TO DEFINE ""SUPPORTED SPOUSE.""",https://www.scstatehouse.gov/sess126_2025-2026/bills/3607.docx
3608,Family Court,House,Gatch,Judiciary,"A BILL TO AMEND THE SOUTH CAROLINA CODE OF LAWS BY AMENDING SECTION 63-3-590, RELATING TO CONDUCT OF CERTAIN FAMILY COURT HEARINGS, SO AS TO REQUIRE A JURY TRIAL IN LIMITED CIRCUMSTANCES.",https://www.scstatehouse.gov/sess126_2025-2026/bills/3608.docx
3609,Supplemental Nutrition Assistance Program,House,Gilliam,Ways and Means,A BILL TO AMEND THE SOUTH CAROLINA CODE OF LAWS BY ADDING SECTION 43-5-12 SO AS TO CLARIFY THAT CHILDREN BEING CARED FOR BY NONPARENTAL CAREGIVERS IN A HOUSEHOLD QUALIFIED TO RECEIVE SUPPLEMENTAL NUTRITION ASSISTANCE PROGRAM BENEFITS MUST BE COUNTED AS MEMBERS OF THE HOUSEHOLD FOR BENEFIT CALCULATION PURPOSES.,https://www.scstatehouse.gov/sess126_2025-2026/bills/3609.docx
3610,Healthcare Market Reform Measures Study Committee,House,Henderson-Myers,"Labor, Commerce and Industry",A JOINT RESOLUTION TO ESTABLISH THE HEALTHCARE MARKET REFORM MEASURES STUDY COMMITTEE; TO PROVIDE FOR THE STUDY COMMITTEE'S MEMBERSHIP AND NONVOTING ADVISORY BOARD; TO ESTABLISH THE DUTIES OF THE STUDY COMMITTEE; TO REQUIRE THE STUDY COMMITTEE TO ISSUE A REPORT WITH FINDINGS AND RECOMMENDATIONS; AND FOR OTHER PURPOSES.,https://www.scstatehouse.gov/sess126_2025-2026/bills/3610.docx
3611,Medicaid Expansion Study Committee,House,Henderson-Myers,Ways and Means,A JOINT RESOLUTION TO CREATE A STUDY COMMITTEE TO STUDY THE POTENTIAL IMPACTS OF MEDICAID EXPANSION IN THE STATE OF SOUTH CAROLINA AND FOR OTHER PURPOSES.,https://www.scstatehouse.gov/sess126_2025-2026/bills/3611.docx
3612,Termination of Parental Rights,House,Henderson-Myers,Judiciary,"A BILL TO AMEND THE SOUTH CAROLINA CODE OF LAWS BY AMENDING SECTION 63-7-2570, RELATING TO GROUNDS FOR TERMINATION OF PARENTAL RIGHTS TO A CHILD, SO AS TO CLARIFY THE GROUNDS OF WILFUL FAILURE TO VISIT THE CHILD AND WILFUL FAILURE TO SUPPORT THE CHILD IN THE CASE OF AN INCARCERATED PARENT.",https://www.scstatehouse.gov/sess126_2025-2026/bills/3612.docx
3613,Executive Office of Health Policy,House,Hewitt,Judiciary,"A BILL TO AMEND THE SOUTH CAROLINA CODE OF LAWS BY ADDING CHAPTER 12 TO TITLE 44 SO AS TO CREATE THE EXECUTIVE OFFICE OF HEALTH AND POLICY TO INCLUDE THE DEPARTMENTS OF HEALTH FINANCING, PUBLIC HEALTH, AGING, INTELLECTUAL AND RELATED DISABILITIES, AND BEHAVIORAL HEALTH, AND TO PROVIDE FOR THE DUTIES OF THE SECRETARY OF THE OFFICE; BY AMENDING SECTION 1-30-10, RELATING TO DEPARTMENTS OF STATE GOVERNMENT, SO AS TO MAKE CONFORMING CHANGES; BY AMENDING SECTION 8-17-370, RELATING TO THE MEDIATION OF GRIEVANCES BY THE STATE HUMAN RESOURCES DIRECTOR, SO AS TO ADD THE SECRETARY OF HEALTH AND POLICY AND CERTAIN STAFF OF THE COMPONENT DEPARTMENTS; BY REPEALING CHAPTER 49 OF TITLE 44 RELATING TO THE DEPARTMENT OF ALCOHOL AND OTHER DRUG ABUSE SERVICES; BY AMENDING SECTIONS 44-1-20, 44-1-80, 44-1-90, 44-1-100, 44-1-110, 44-1-130, 44-1-140, 44-1-151, 44-1-152, 44-1-165, 44-1-170, 44-1-180, 44-1-190, 44-1-200, 44-1-210, 44-1-215, 44-1-220, 44-1-230, 44-1-260, 44-1-280, 44-1-290, 44-1-300, AND 44-1-310, ALL RELATING TO THE DEPARTMENT OF PUBLIC HEALTH, SO AS TO MAKE CONFORMING CHANGES AND TO MAKE TECHNICAL CORRECTIONS; BY AMENDING SECTION 44-1-315, RELATING TO THE DEPARTMENT OF ENVIRONMENTAL SERVICES, SO AS TO MAKE A TECHNICAL CORRECTION; BY REPEALING SECTIONS 44-1-30, 44-1-40, 44-1-50, 44-1-70, 44-1-143, 44-1-145, AND 44-1-148 ALL RELATING TO THE DEPARTMENT OF PUBLIC HEALTH; BY AMENDING ARTICLE 1, CHAPTER 6, TITLE 44, AND SECTIONS 44-6-140, 44-6-146, 44-6-150, 44-6-170, 44-6-190, 44-6-400, 44-6-530, 44-6-540, 44-6-720, 44-6-730, AND 44-6-1010, ALL RELATING TO THE DEPARTMENT OF HEALTH AND HUMAN SERVICES, SO AS TO MAKE CONFORMING CHANGES PERTAINING TO THE DEPARTMENT OF HEALTH FINANCING; BY REPEALING ARTICLE 5 OF CHAPTER 6, TITLE 44 RELATING TO THE DEPARTMENT OF HEALTH AND HUMAN SERVICES; BY AMENDING SECTIONS 44-7-77, 44-7-80, 44-7-84, 44-7-90, 44-7-130, 44-7-150, 44-7-170, 44-7-190, 44-7-200, 44-7-210, 44-7-260, 44-7-265, 44-7-266, 44-7-370, 44-7-392, 44-7-510, 44-7-570, 44-7-1420, 44-7-1440, 44-7-1490, 44-7-1590, 44-7-1660, 44-7-1690, 44-7-2420, 44-7-2430, 44-7-2450, 44-7-2460, 44-7-2550, 44-7-2910, 44-7-2940, 44-7-3430, 44-7-3455, AND 44-7-3460, ALL RELATING TO HOSPITALS AND OTHER HEALTH SERVICES, SO AS TO MAKE CONFORMING CHANGES; BY REPEALING SECTION 44-7-180 RELATING TO THE STATE HEALTH PLANNING COMMITTEE; BY AMENDING CHAPTER 9, TITLE 44, RELATING TO THE DEPARTMENT OF MENTAL HEALTH, SO AS TO MAKE CONFORMING CHANGES PERTAINING TO THE DEPARTMENT OF BEHAVIORAL HEALTH; BY ADDING SECTIONS 44-9-95 AND 44-9-105 SO AS TO ADD TO THE CHAPTER PROVISIONS PERTAINING TO SERVICES AND TREATMENT FOR SUBSTANCE USE DISORDERS AND TO ADDRESS SERVICE CONTRACTS BETWEEN THE DEPARTMENT OF BEHAVIORAL HEALTH AND SERVICE PROVIDERS; BY AMENDING SECTIONS 44-20-10, 44-20-20, 44-20-30, 44-20-210, 44-20-220, 44-20-230, 44-20-240, 44-20-250, 44-20-255, 44-20-260, 44-20-270, 44-20-280, 44-20-290, 44-20-300, 44-20-310, 44-20-320, 44-20-330, 44-20-340, 44-20-350, 44-20-355, 44-20-360, 44-20-365, 44-20-370, 44-20-375, 44-20-378, 44-20-380, 44-20-385, 44-20-390, 44-20-400, 44-20-410, 44-20-420, 44-20-430, 44-20-440, 44-20-490, 44-20-510, 44-20-710, 44-20-740, 44-20-900, AND ARTICLE 7, CHAPTER 20, TITLE 44, ALL RELATING TO THE DEPARTMENT OF DISABILITIES AND SPECIAL NEEDS, SO AS TO MAKE CONFORMING CHANGES PERTAINING TO THE DEPARTMENT OF INTELLECTUAL AND RELATED DISABILITIES; BY ADDING SECTION 44-20-372 SO AS TO ADDRESS SERVICE CONTRACTS BETWEEN THE DEPARTMENT OF INTELLECTUAL AND RELATED DISABILITIES AND SERVICE PROVIDERS; BY AMENDING SECTIONS 43-21-10, 43-21-20, 43-21-40, 43-21-60, 43-21-70, 43-21-80, 43-21-100, 43-21-110, 43-21-120, 43-21-130, AND 43-21-140, ALL RELATING TO THE DEPARTMENT ON AGING, ALL SO AS TO MAKE CONFORMING CHANGES; AND BY AMENDING SECTION 48-6-60, RELATING TO THE DEPARTMENT OF ENVIRONMENTAL SERVICES, SO AS TO MAKE TECHNICAL CORRECTIONS.",https://www.scstatehouse.gov/sess126_2025-2026/bills/3613.docx
3614,Hospitals,House,McDaniel,"Medical, Military, Public and Municipal Affairs",A BILL TO AMEND THE SOUTH CAROLINA CODE OF LAWS BY ADDING SECTION 44-7-268 SO AS TO REQUIRE HOSPITALS TO PROVIDE A WRITTEN PLAN OF CARE AND OTHER INFORMATION TO A PATIENT'S FAMILY.,https://www.scstatehouse.gov/sess126_2025-2026/bills/3614.docx
3615,Healthcare Facilities,House,McDaniel,"Medical, Military, Public and Municipal Affairs","A BILL TO AMEND THE SOUTH CAROLINA CODE OF LAWS BY ADDING SECTION 44-7-268 SO AS TO PROHIBIT HEALTHCARE FACILITIES FROM INITIATING DISCUSSIONS ABOUT ""DO NOT RESUSCITATE ORDERS"" WITH PATIENTS AND PATIENT FAMILY MEMBERS, WITH EXCEPTIONS.",https://www.scstatehouse.gov/sess126_2025-2026/bills/3615.docx
3616,Death Certificates,House,McDaniel,"Medical, Military, Public and Municipal Affairs","A BILL TO AMEND THE SOUTH CAROLINA CODE OF LAWS BY AMENDING SECTION 44-63-74, RELATING IN PART TO MEDICAL CERTIFICATIONS OF CAUSE OF DEATH, SO AS TO REQUIRE HOSPITALS TO PROVIDE TO A DECEASED PATIENT'S FAMILY THE CAUSE OF DEATH TO BE TRANSMITTED TO THE BUREAU OF VITAL STATISTICS, AND FOR OTHER PURPOSES.",https://www.scstatehouse.gov/sess126_2025-2026/bills/3616.docx
3617,Vulnerable Adults,House,Spann-Wilder,"Labor, Commerce and Industry","A BILL TO AMEND THE SOUTH CAROLINA CODE OF LAWS BY AMENDING SECTION 43-35-87, RELATING TO FINANCIAL EXPLOITATION OF VULNERABLE ADULTS, SO AS TO PROVIDE FOR TRAINING OF FINANCIAL INSTITUTION STAFF, TO ALLOW A VULNERABLE ADULT TO DESIGNATE TRUSTED PERSONS FOR FINANCIAL EXPLOITATION NOTIFICATION PURPOSES, AND FOR OTHER PURPOSES.",https://www.scstatehouse.gov/sess126_2025-2026/bills/3617.docx
3618,Sales tax exemption,House,Bernstein,Ways and Means,"A BILL TO AMEND THE SOUTH CAROLINA CODE OF LAWS BY AMENDING SECTION 12-36-2120, RELATING TO EXEMPTIONS FROM THE SALES TAX SO AS TO EXEMPT BABY FORMULA, BABY FOOD, AND DIAPERS FOR BABIES AND CHILDREN.",https://www.scstatehouse.gov/sess126_2025-2026/bills/3618.docx
3619,Mediation,House,Henderson-Myers,Judiciary,A BILL TO AMEND THE SOUTH CAROLINA CODE OF LAWS BY ADDING SECTION 23-23-165 SO AS TO PROVIDE THE LAW ENFORCEMENT TRAINING COUNCIL SHALL DEVELOP A MINIMUM SET OF STANDARDS THAT A STATE OR LOCAL LAW ENFORCEMENT AGENCY MUST FOLLOW WHEN ESTABLISHING AND IMPLEMENTING A MEDIATION PROGRAM AS AN ALTERNATE METHOD OF RESOLVING LAW ENFORCEMENT MISCONDUCT COMPLAINTS.,https://www.scstatehouse.gov/sess126_2025-2026/bills/3619.docx
3620,AI Child Abuse,House,"Calhoon, Bernstein",Judiciary,"A BILL TO AMEND THE SOUTH CAROLINA CODE OF LAWS BY ADDING SECTION 16-15-390 SO AS TO CREATE THE OFFENSE OF OBSCENE VISUAL REPRESENTATIONS OF CHILD SEXUAL ABUSE, DEFINE TERMS, AND ESTABLISH PENALTIES; BY AMENDING SECTION 23-3-430, RELATING TO THE SEX OFFENDER REGISTRY, SO AS TO ADD THE OFFENSE OF OBSCENE VISUAL REPRESENTATIONS OF CHILD SEXUAL ABUSE TO THE SEX OFFENDER REGISTRY; AND BY AMENDING SECTION 23-3-462, RELATING TO THE TERMINATION OF SEX OFFENDER REGISTRATION REQUIREMENTS, SO AS TO CLARIFY WHEN AN OFFENDER MAY FILE A REQUEST FOR TERMINATION OF THE REQUIREMENT.",https://www.scstatehouse.gov/sess126_2025-2026/bills/3620.docx
3621,Healthy Students Act,House,Williams,Education and Public Works,"A BILL TO AMEND THE SOUTH CAROLINA CODE OF LAWS BY ENACTING THE ""HEALTHY STUDENTS ACT"" BY AMENDING SECTION 59-10-10, RELATING TO PHYSICAL ACTIVITY STANDARDS FOR ELEMENTARY SCHOOL STUDENTS, SO AS TO REQUIRE NINETY MINUTES OF WEEKLY PHYSICAL ACTIVITY FOR MIDDLE SCHOOL AND HIGH SCHOOL STUDENTS, TO INCLUDE SECOND GRADE STUDENTS AMONG THOSE WHOSE FITNESS STATUSES MUST BE REPORTED, AND TO REQUIRE THE DEPARTMENT OF EDUCATION TO PROVIDE A SUMMARY REPORT OF THE FITNESS STATUS OF STUDENTS IN CERTAIN GRADES IN EACH SCHOOL DISTRICT; BY AMENDING SECTION 59-10-310, RELATING TO ELEMENTARY SCHOOL MEAL AND COMPETITIVE FOOD NUTRITIONAL REQUIREMENTS, SO AS TO REMOVE THE RESTRICTIONS ON THE APPLICATION OF CERTAIN PROVISIONS TO THE SCHOOL YEAR; BY AMENDING SECTION 59-10-330, RELATING TO THE ESTABLISHMENT AND MAINTENANCE OF COORDINATED SCHOOL HEALTH ADVISORY COUNCILS TO PERFORM CERTAIN FUNCTIONS, SO AS TO REMOVE PROVISIONS CONCERNING POLICIES LIMITING VENDING MACHINE AND SNACK FOOD SALES; TO REDESIGNATE CHAPTER 10, TITLE 59 OF THE S.C. CODE AS ""PHYSICAL ACTIVITY, SCHOOL HEALTH SERVICES, AND NUTRITIONAL STANDARDS""; TO REDESIGNATE ARTICLE 1, CHAPTER 10, TITLE 59 OF THE S.C. CODE AS ""PHYSICAL ACTIVITY STANDARDS""; AND BY REPEALING SECTION 59-10-340 RELATING TO SNACKS IN SCHOOL VENDING MACHINES.",https://www.scstatehouse.gov/sess126_2025-2026/bills/3621.docx
3622,Private Guardians ad Litem,House,Gatch,Judiciary,"A BILL TO AMEND THE SOUTH CAROLINA CODE OF LAWS BY AMENDING SECTION 63-3-820, RELATING TO GUARDIANS AD LITEM IN PRIVATE CUSTODY OR VISITATION CASES, SO AS TO MAKE CERTAIN CHANGES REGARDING CASES IN WHICH ATTORNEY AND LAY GUARDIANS AD LITEM MAY BE APPOINTED.",https://www.scstatehouse.gov/sess126_2025-2026/bills/3622.docx
3623,Hospitals,House,McDaniel,"Medical, Military, Public and Municipal Affairs","A BILL TO AMEND THE SOUTH CAROLINA CODE OF LAWS BY AMENDING SECTION 44-7-3450, RELATING TO RESOLUTION OF A HOSPITAL PATIENT'S PERSONAL MEDICAL CARE CONCERNS, SO AS TO REQUIRE HOSPITALS TO PROVIDE A LIST OF AGENCIES TO THE PATIENT'S FAMILY TO WHICH COMPLAINTS ABOUT A HEALTHCARE PROVIDER OR FACILITY MAY BE REPORTED.",https://www.scstatehouse.gov/sess126_2025-2026/bills/3623.docx
3624,Tree Limbs Encroaching Over Property Lines,House,"Atkinson, Hayes",Judiciary,"A BILL TO AMEND THE SOUTH CAROLINA CODE OF LAWS BY AMENDING SECTION 16-11-520, RELATING TO MALICIOUS INJURY TO A TREE, HOUSE, OUTSIDE FENCE, OR FIXTURE, SO AS TO PROVIDE FOR THE EXCEPTION OF TRIMMING TREE LIMBS THAT ENCROACH UPON A PROPERTY LINE.",https://www.scstatehouse.gov/sess126_2025-2026/bills/3624.docx
3625,Interactive Sports Wagering,House,"Murphy, Rutherford, Herbkersman, Brewer, Sessions, Wetmore, Stavrinakis",Ways and Means,"A BILL TO AMEND THE SOUTH CAROLINA CODE OF LAWS BY ENACTING THE ""SOUTH CAROLINA SPORTS WAGERING ACT"" BY ADDING CHAPTER 55 TO TITLE 39 SO AS TO PROVIDE THAT THE OPERATION OF SPORTS WAGERING AND ANCILLARY ACTIVITIES ARE LAWFUL IN CERTAIN CIRCUMSTANCES, TO CREATE THE SOUTH CAROLINA SPORTS WAGERING COMMISSION, TO PROVIDE A PRIVILEGE TAX, TO PROVIDE FOR LICENSES, TO PROVIDE FOR PERSONS WHO ARE INELIGIBLE TO ENGAGE IN WAGERING IN THIS STATE, TO PROVIDE THAT THE COMMISSION SHALL PROMULGATE REGULATIONS, TO PROVIDE ENFORCEMENT, AND TO PROVIDE REPORTING REQUIREMENTS; AND BY ADDING SECTION 16-19-135 SO AS TO PROVIDE THAT A PERSON WHO ENGAGES IN SPORTS WAGERING IS NOT IN VIOLATION OF CERTAIN LAWS.",https://www.scstatehouse.gov/sess126_2025-2026/bills/3625.docx
3626,Penn Center Heritage parade,House,Rivers,Judiciary,"A BILL TO AMEND THE SOUTH CAROLINA CODE OF LAWS BY AMENDING SECTION 53-3-230, RELATING TO PENN CENTER HERITAGE DAY, SO AS TO PROVIDE FOR AN ANNUAL PARADE.",https://www.scstatehouse.gov/sess126_2025-2026/bills/3626.docx
3627,Cemeteries,House,Rivers,Judiciary,"A BILL TO AMEND THE SOUTH CAROLINA CODE OF LAWS BY ADDING SECTION 27-43-320 SO AS TO PROVIDE THAT IT IS UNLAWFUL TO PROHIBIT INDIVIDUALS FROM GAINING ACCESS TO CEMETERIES, BURIAL GROUNDS, OR GRAVES ON PRIVATE PROPERTY.",https://www.scstatehouse.gov/sess126_2025-2026/bills/3627.docx
3628,"Secure, Accurate, and Verifiable Elections Act",House,Harris,Judiciary,"A BILL TO AMEND THE SOUTH CAROLINA CODE OF LAWS SO AS TO ENACT THE ""SECURE, ACCURATE, AND VERIFIABLE ELECTIONS ACT"" OR THE ""SAVE ACT""; BY AMENDING SECTION 7-3-20, RELATING TO THE DUTIES OF THE STATE ELECTION COMMISSION EXECUTIVE DIRECTOR, SO AS TO REQUIRE SEPARATE LISTS FOR ACTIVE, INACTIVE AND ARCHIVED VOTER REGISTRATIONS AND PROVIDE A LIST TO QUALIFIED ELECTORS FOR FREE; BY AMENDING SECTION 7-5-160, RELATING TO VOTER REGISTRATION, SO AS TO PROVIDE FOR A VOTER REGISTRATION PERIOD OF TEN YEARS, REQUIRE VALID IDENTIFICATION TO REGISTER TO VOTE, AND FOR THE COUNTY BOARD OF VOTER REGISTRATION AND ELECTIONS TO ISSUE A VOTER IDENTIFICATION CARD FOR EACH REGISTRATION; BY ADDING SECTION 7-5-200 SO AS TO PERMIT ONLY PAPER POLL BOOKS AT VOTING LOCATIONS; BY ADDING SECTION 7-7-715 SO AS TO PROVIDE FOR THE MAXIMUM POPULATION OF EACH PRECINCT, REQUIRE A NEW PRECINCT WITHIN ONE YEAR OF POPULATION EXCEEDING THE MAXIMUM AMOUNT AND PROVIDE FOR A PENALTY FOR VIOLATION; BY AMENDING SECTION 7-13-72, RELATING TO MANAGERS OF ELECTIONS, SO AS TO REQUIRE FOUR ELECTION MANAGERS FOR EACH TWO HUNDRED FIFTY REGISTERED VOTERS; BY ADDING SECTION 7-13-700 SO AS TO REQUIRE ONLY QUALIFIED ELECTORS WHO COMPLY WITH ALL CONSTITUTIONAL AND STATUTORY REQUIREMENTS TO VOTE IN AN ELECTION; BY AMENDING SECTION 7-13-730, RELATING TO THE DELIVERY, MARKING, AND DEPOSIT OF BALLOTS, SO AS TO REQUIRE THE INITIALS OF TWO POLL MANAGERS ON EACH BALLOT; BY ADDING SECTION 7-13-870 SO AS TO PROVIDE REQUIREMENTS FOR PAPER BALLOTS AND HAND COUNT OF THOSE BALLOTS; BY ADDING SECTION 7-13-880 SO AS TO REQUIRE CHAIN OF CUSTODY REQUIREMENTS FOR ALL VOTING SYSTEM COMPONENTS; BY AMENDING SECTION 7-13-1110, RELATING TO COUNTING BALLOTS AND RESULTS DECLARATIONS, SO AS TO PROVIDE THE PUBLIC HAS ACCESS TO VIEW THE BALLOT COUNT PROCESS PROVIDED THERE IS NO INTERFERENCE WITH THE PROCESS; BY AMENDING SECTION 7-13-1160, RELATING TO COUNTY REPORTING OF ELECTION RESULTS TO THE STATE ELECTION COMMISSION, SO AS TO REQUIRE EACH COUNTY BOARD OF VOTER REGISTRATION AND ELECTIONS TO POST ITS ELECTION RESULTS BEFORE NOTIFICATION OF UNOFFICIAL RESULTS TO THE STATE ELECTION COMMISSION; BY AMENDING SECTION 7-15-320, RELATING TO PERSONS QUALIFIED TO VOTE BY ABSENTEE BALLOT, SO AS TO REQUIRE ONLY U.S. CITIZENS WITH A CURRENT AND VALID VOTER REGISTRATION BE PERMITTED TO VOTE AND AMEND CIRCUMSTANCES FOR WHICH A PERSON MAY VOTE ABSENTEE; BY AMENDING SECTION 7-15-330, RELATING TO ABSENTEE BALLOT APPLICATIONS, SO AS TO REQUIRE AN APPLICATION REQUEST TO INCLUDE THE SIGNATURE OF THE REQUESTOR AND A WITNESS; BY AMENDING SECTION 7-15-420, RELATING TO RECEIPT, TABULATION, AND REPORTING OF ABSENTEE BALLOTS, SO AS TO REQUIRE ABSENTEE BALLOTS BE TRANSPORTED TO THE PRECINCT ON ELECTION DAY, PERMIT ABSENTEE BALLOT COUNTS AFTER THE POLLS CLOSE, AND RENDER AN ABSENTEE BALLOT NULL AND VOID IF THE VOTER VOTED IN-PERSON FOR THAT ELECTION; AND BY AMENDING SECTION 53-5-10, RELATING TO LEGAL HOLIDAYS, SO AS TO ADD GENERAL ELECTION DAY AS A LEGAL HOLIDAY.",https://www.scstatehouse.gov/sess126_2025-2026/bills/3628.docx
3629,Forestry Commission,House,T. Moore,"Agriculture, Natural Resources and Environmental Affairs","A BILL TO AMEND THE SOUTH CAROLINA CODE OF LAWS BY AMENDING SECTION 48-23-120, RELATING TO FORESTRY COMMISSION ACQUISITIONS, SO AS TO SET PRICING VALUES; BY AMENDING SECTION 48-23-132, RELATING TO REVENUES FROM SPECIFIED SOURCES, SO AS TO OUTLINE WHAT THE FUNDS MAY BE USED FOR; BY AMENDING SECTION 48-33-60, RELATING TO DUTIES AND POWERS OF COUNTY FORESTRY BOARDS AND EMPLOYEES, SO AS TO SPECIFY DUTIES; BY AMENDING SECTION 48-33-70, RELATING TO FOREST FIRE PROTECTION ACTIVITIES, SO AS TO UPDATE PLAN REQUIREMENTS; BY AMENDING SECTION 48-33-80, RELATING TO ACCESS TO PROPERTY, SO AS TO DESIGNATE WHO MAY ACCESS LAND FOR THE PURPOSE OF PREVENTING OR CONTROLLING FIRES; BY REPEALING SECTION 48-23-270 RELATING TO USE OF REVENUE FOR SCRUB OAK ERADICATION, REFORESTATION, TIMBER STAND IMPROVEMENT, AND HARVEST CUTTING IN STATE PARKS; AND BY REPEALING SECTION 48-23-280 RELATING TO USE OF REVENUE FOR SCRUB OAK ERADICATION AND REFORESTATION IN MANCHESTER AND SANDHILLS STATE FORESTS.",https://www.scstatehouse.gov/sess126_2025-2026/bills/3629.docx
3630,Youth suicide awareness and prevention training in schools,House,"Bernstein, Calhoon",Education and Public Works,"A BILL TO AMEND THE SOUTH CAROLINA CODE OF LAWS BY AMENDING SECTION 59-26-110, RELATING TO MANDATORY TEACHER TRAINING IN YOUTH SUICIDE AWARENESS AND PREVENTION AS A CONDITION TO RENEWING THEIR CREDENTIALS, SO AS TO REQUIRE SUCH TRAINING FOR INDIVIDUALS EMPLOYED IN A KINDERGARTEN THROUGH TWELFTH GRADE SCHOOL OR INSTITUTION OF HIGHTER EDUCATION.",https://www.scstatehouse.gov/sess126_2025-2026/bills/3630.docx
3631,Student ID cards,House,"Calhoon, Bernstein",Education and Public Works,"A BILL TO AMEND THE SOUTH CAROLINA CODE OF LAWS BY AMENDING SECTION 59-1-375, RELATING TO STUDENT IDENTIFICATION CARDS AND CONTACT INFORMATION FOR THE NATIONAL SUICIDE PREVENTION LIFELINE, SO AS TO INCLUDE PRIVATE SCHOOLS AND SCHOOLS SERVING KINDERGARTEN THROUGH TWELFTH GRADE, AND TO PROVIDE ALTERNATIVE METHODS OF DELIVERY OF INFORMATION FOR SCHOOLS THAT DO NOT ISSUE IDENTIFICATION CARDS.",https://www.scstatehouse.gov/sess126_2025-2026/bills/3631.docx
3632,STEM scholarship stipends,House,Erickson,Education and Public Works,"A BILL TO AMEND THE SOUTH CAROLINA CODE OF LAWS BY AMENDING SECTION 59-149-15, RELATING TO REQUIREMENTS FOR ADDITIONAL LIFE SCHOLARSHIP STIPENDS, AND SECTION 59-104-25, RELATING TO REQUIREMENTS FOR ADDITIONAL PALMETTO FELLOWS SCHOLARSHIP STIPENDS, BOTH SO AS TO PROVIDE THAT CERTAIN COURSEWORK IN ECONOMICS AND BUSINESS STATISTICS MUST COUNT TOWARDS CERTAIN REQUIRED FRESHMAN YEAR COURSEWORK IN MATHEMATICS AND SCIENCE, AND TO CLARIFY THESE PROVISIONS APPLY BEGINNING WITH  ACCOUNTING MAJORS WHO COMPLETED SUCH COURSEWORK AS FRESHMAN IN THE 2024-2025 SCHOOL YEAR.",https://www.scstatehouse.gov/sess126_2025-2026/bills/3632.docx
3633,Social Workers Compact,House,Gilliam,"Labor, Commerce and Industry","A BILL TO AMEND THE SOUTH CAROLINA CODE OF LAWS BY ENACTING THE ""SOCIAL WORK INTERSTATE COMPACT ACT"" BY ADDING ARTICLE 3 TO CHAPTER 63, TITLE 40 SO AS TO PROVIDE THE PURPOSE, FUNCTIONS, OPERATIONS, AND DEFINITIONS CONCERNING THE COMPACT; AND TO DESIGNATE THE EXISTING PROVISIONS OF CHAPTER 63, TITLE 40 AS ARTICLE 1, ENTITLED ""GENERAL PROVISIONS.""",https://www.scstatehouse.gov/sess126_2025-2026/bills/3633.docx
3634,Residential care security monitoring,House,Gilliard,"Medical, Military, Public and Municipal Affairs","A BILL TO AMEND THE SOUTH CAROLINA CODE OF LAWS BY ADDING SECTION 44-7-25 SO AS TO REQUIRE THE INSTALLATION AND USE OF VIDEO CAMERAS IN EACH RESIDENT ROOM IN CERTAIN RESIDENTIAL CARE FACILITIES, TO PROVIDE LEGAL GUARDIANS OF SUCH PATIENTS MUST BE ALLOWED TO REMOTELY MONITOR CARE OF THE PATIENTS USING THESE CAMERAS, AND TO PROVIDE ANY RECORDINGS MADE USING THE CAMERAS MUST BE SECURED AND AVAILABLE ONLY TO THE RESIDENT, HIS FAMILY MEMBER, OR HIS LEGAL GUARDIAN, IN ORDER TO ENSURE COMPLIANCE WITH THE HEALTH INSURANCE PORTABILITY AND ACCOUNTABILITY ACT OF 1996.",https://www.scstatehouse.gov/sess126_2025-2026/bills/3634.docx
3635,Teacher certificate renewal credit requirements,House,Gilliam,Education and Public Works,"A BILL TO AMEND THE SOUTH CAROLINA CODE OF LAWS BY ADDING SECTION 59-26-42 SO AS TO PROVIDE THE STATE DEPARTMENT OF EDUCATION SHALL ANNUALLY DEVELOP AND APPROVE GUIDELINES FOR A PROFESSIONAL DEVELOPMENT PROGRAM IN ALL TEACHING AREAS, TO PROVIDE REQUIREMENTS FOR THE PROGRAM, TO PROVIDE ALL DISTRICTS ANNUALLY SHALL PROVIDE THE PROGRAM AS IN-SERVICE TRAINING TO TEACHERS EMPLOYED BY THE DISTRICT AT NO COST TO THE TEACHERS, TO PROVIDE ALL TEACHERS ANNUALLY SHALL COMPLETE THE PROGRAM, TO PROVIDE ANNUAL COMPLETION OF THE PROGRAM DURING EACH YEAR OF A PROFESSIONAL EDUCATOR CERTIFICATE RENEWAL CYCLE WILL SATISFY ALL RENEWAL CREDIT REQUIREMENTS FOR EDUCATOR PROFESSIONAL CERTIFICATE RENEWAL IN THAT CYCLE, AMONG OTHER THINGS, AND TO PROVIDE FOR THE APPLICATION OF THIS REQUIREMENT TO CERTIFICATE RENEWAL CYCLES THAT BEGIN AFTER JUNE 30, 2026 AND CERTIFICATE RENEWAL CYCLES THAT BEGAN BEFORE JUNE 30, 2026.",https://www.scstatehouse.gov/sess126_2025-2026/bills/3635.docx
3636,Cradle To Grave Commitment for Legislative Intent,House,Gilliard,Judiciary,"A CONCURRENT RESOLUTION TO EXPRESS THE INTENTION OF THE SOUTH CAROLINA GENERAL ASSEMBLY TO ENSURE LEGISLATION INTRODUCED IN THE ONE HUNDRED TWENTY-SIXTH SOUTH CAROLINA GENERAL ASSEMBLY CLEARLY ARTICULATES ITS TRUE INTENT AS IT PERTAINS TO MATTERS OF CERTAIN PUBLIC IMPORTANCE, AND TO CHARACTERIZE THIS INTENTION AS THE ""CRADLE TO GRAVE COMMITMENT.""",https://www.scstatehouse.gov/sess126_2025-2026/bills/3636.docx
3637,Competitive Education Employment Act,House,Rivers,Education and Public Works,"A BILL TO AMEND THE SOUTH CAROLINA CODE OF LAWS BY ENACTING THE ""COMPETITIVE EDUCATION EMPLOYMENT ACT"" BY AMENDING SECTION 59-18-300, RELATING TO THE ADOPTION OF EDUCATIONAL STANDARDS IN CERTAIN CORE ACADEMIC AREAS, SO AS TO INCLUDE SPANISH AMONG THESE AREAS, AND TO REQUIRE THE STATE BOARD OF EDUCATION TO ESTABLISH EDUCATIONAL STANDARDS FOR SPANISH BEFORE DECEMBER 1, 2026, TO BE IMPLEMENTED BEGINNING WITH THE 2026-2027 SCHOOL YEAR; BY AMENDING SECTION 59-18-310, RELATING TO THE STATEWIDE ASSESSMENT PROGRAM TO PROMOTE STUDENT LEARNING AND MEASURE STUDENT PERFORMANCE ON STATE STANDARDS, SECTION 59-18-320, RELATING TO THE REVIEW AND ADMINISTRATION OF THE STATEWIDE ASSESSMENTS, SECTION 59-18-325, RELATING TO THE SUMMATIVE ASSESSMENT SYSTEM, SECTION 59-18-350, RELATING TO THE CYCLICAL REVIEW OF STATEWIDE STANDARDS AND ASSESSMENTS, AND SECTION 59-18-900, RELATING TO PERFORMANCE RATINGS OF SCHOOLS, ALL SO AS TO MAKE CONFORMING CHANGES.",https://www.scstatehouse.gov/sess126_2025-2026/bills/3637.docx
3638,Parental rights,House,M. M. Smith,"Medical, Military, Public and Municipal Affairs","A BILL TO AMEND THE SOUTH CAROLINA CODE OF LAWS BY AMENDING SECTION 63-5-340, RELATING TO RIGHTS OF MINORS SIXTEEN YEARS OR OLDER TO CONSENT TO HEALTH SERVICES ESSENTIAL TO THEIR LIFE OR HEALTH, SO AS TO PROVIDE PARENTS HAVE THE FUNDAMENTAL RIGHT TO DIRECT THE UPBRINGING, EDUCATION, AND CARE OF THEIR MINOR CHILDREN, TO PROVIDE THESE RIGHTS EXTEND TO HEALTHCARE DECISIONS CONCERNING THE MINORS AND ACCESS TO THEIR MEDICAL RECORDS, AND TO PROVIDE THE STATE MAY NOT SUBSTANTIALLY BURDEN THESE RIGHTS EXCEPT IN CERTAIN CIRCUMSTANCES; BY AMENDING SECTION 63-5-350, RELATING TO HEALTH SERVICES THAT MAY BE RENDERED TO MINORS WITHOUT PARENTAL CONSENT, SO AS TO PROVIDE THAT HEALTHCARE PROVIDERS MUST OBTAIN PARENTAL CONSENT BEFORE PROCURING, PROVIDING, OR RENDERING HEALTHCARE FOR A MINOR EXCEPT IN CERTAIN CIRCUMSTANCES, TO PROHIBIT THE ENCOURAGEMENT OR COERCION OF MINORS TO WITHHOLD INFORMATION FROM A PARENT ABOUT THE HEALTH OF THE CHILD, TO PROVIDE PARENTS MAY ASSERT PROVISIONS OF THIS ACT AS CLAIMS OR DEFENSES IN CERTAIN JUDICIAL OR ADMINISTRATIVE PROCEEDINGS SUBJECT TO A STATUTE OF LIMITATIONS, TO PROVIDE REMEDIES, TO PROVIDE THE ATTORNEY GENERAL MAY BRING ACTIONS TO ENFORCE PROVISIONS OF THIS ACT, AND TO DEFINE NECESSARY TERMS, AMONG OTHER THINGS; AND BY REPEALING SECTION 63-5-370 RELATING TO CONSENT NOT SUBJECT TO DISAFFIRMANCE.",https://www.scstatehouse.gov/sess126_2025-2026/bills/3638.docx
3639,Hand count audits,House,Beach,Judiciary,"A BILL TO AMEND THE SOUTH CAROLINA CODE OF LAWS BY ADDING SECTION 7-13-1180 SO AS TO PROVIDE THAT THE COUNTY CHAIRPERSON OF A CERTIFIED POLITICAL PARTY MAY INSTRUCT COUNTY ELECTION OFFICIALS CONDUCTING A HAND COUNT AUDIT TO INCLUDE ADDITIONAL PRECINCTS, OFFICES, OR BOTH.",https://www.scstatehouse.gov/sess126_2025-2026/bills/3639.docx
3640,Blanket primaries,House,"Bernstein, Collins",Judiciary,"A BILL TO AMEND THE SOUTH CAROLINA CODE OF LAWS BY ADDING SECTION 7-11-5 SO AS TO REQUIRE PRIMARY ELECTIONS FOR COUNTY, STATE, AND FEDERAL OFFICES, EXCEPT FOR PRESIDENT AND VICE PRESIDENT, TO BE CONDUCTED AS NONPARTISAN OPEN PRIMARY ELECTIONS IN WHICH THE TWO CANDIDATES RECEIVING THE HIGHEST NUMBER OF VOTES ADVANCE TO THE GENERAL ELECTION; BY AMENDING SECTION 7-11-10, RELATING TO METHODS OF NOMINATING CANDIDATES, SO AS TO REPLACE REFERENCES TO POLITICAL PARTY PRIMARIES AND CONVENTIONS WITH THE CONDUCTING OF A NONPARTISAN OPEN PRIMARY; BY AMENDING SECTION 7-11-15, RELATING TO QUALIFICATIONS TO RUN AS A CANDIDATE IN GENERAL ELECTIONS, SO AS TO ALLOW ALL PERSONS SEEKING NOMINATION VIA NONPARTISAN OPEN PRIMARY TO FILE A STATEMENT OF INTENTION OF CANDIDACY ACCOMPANIED BY EITHER A FILING FEE OR A NOMINATING PETITION, AND TO PROVIDE THAT WRITE-IN CANDIDACIES ARE PERMITTED FOR ANY OFFICE ON THE NONPARTISAN OPEN PRIMARY BALLOT, BUT NOT ON THE GENERAL ELECTION BALLOT; BY AMENDING SECTION 7-13-40, RELATING TO THE CONDUCT OF PARTY PRIMARIES, SO AS TO REPLACE REFERENCES TO POLITICAL PARTY PRIMARIES WITH NONPARTISAN OPEN PRIMARY, TO PROVIDE THAT ALL CANDIDATES FOR AN OFFICE TO BE VOTED ON IN THE NONPARTISAN OPEN PRIMARY ARE LISTED ON A SINGLE BALLOT REGARDLESS OF POLITICAL PARTY AFFILIATION, IF ANY, AND TO ALLOW A CANDIDATE TO CHOOSE TO HAVE A PARTY WITH WHICH HE AFFILIATES DESIGNATED BY HIS NAME ON THE BALLOT; BY AMENDING SECTION 7-13-330, RELATING TO FORM OF GENERAL ELECTION BALLOTS, SO AS TO MAKE CONFORMING CHANGES AND REMOVE INSTRUCTIONS REGARDING STRAIGHT TICKET VOTING; BY AMENDING SECTION 7-13-350, RELATING TO CERTIFICATION OF CANDIDATES, SO AS TO CLARIFY THAT THE TOP TWO VOTE EARNERS FOR AN OFFICE FROM THE NONPARTISAN OPEN PRIMARY ARE TO BE CERTIFIED FOR INCLUSION ON THE GENERAL ELECTION BALLOT; BY AMENDING SECTION 7-13-351, RELATING TO NOMINEES BY PETITION, SO AS TO CLARIFY THE DEADLINES FOR SUBMITTING NOMINATING PETITIONS WITH REGARDS TO THE NONPARTISAN OPEN PRIMARY AS OPPOSED TO THE GENERAL ELECTION; BY AMENDING SECTION 7-13-360, RELATING TO PLACE ON BALLOT FOR WRITE-IN NAMES, SO AS TO REQUIRE SUCH PLACES ON NONPARTISAN OPEN PRIMARY BALLOTS, BUT NOT ON GENERAL ELECTION BALLOTS; BY AMENDING SECTION 7-13-610, RELATING TO PRIMARY BALLOT SPECIFICATIONS, SO AS TO MAKE CONFORMING CHANGES; BY AMENDING SECTION 7-13-611, RELATING TO ARRANGEMENT OF OFFICIAL COUNTY AND STATE PRIMARY BALLOTS, SO AS TO MAKE CONFORMING CHANGES; BY REPEALING SECTION 7-11-30 RELATING TO CONVENTION NOMINATION OF CANDIDATES, SECTION 7-11-210 RELATING TO PARTY PLEDGE FILING REQUIREMENTS, AND SECTION 7-13-50 RELATING TO SECOND AND OTHER PRIMARIES.",https://www.scstatehouse.gov/sess126_2025-2026/bills/3640.docx
3641,MPIC,House,"Calhoon, Bernstein",Judiciary,"A BILL TO AMEND THE SOUTH CAROLINA CODE OF LAWS BY AMENDING SECTION 16-15-375, RELATING TO DEFINITIONS APPLICABLE TO CERTAIN OFFENSES AGAINST MINORS PURSUANT TO SECTIONS 16-15-385 THROUGH 16-15-425, SO AS TO DEFINE ""IDENTIFIABLE MINOR"" AND ""MORPHED IMAGE""; BY AMENDING SECTION 16-15-395, RELATING TO FIRST DEGREE SEXUAL EXPLOITATION OF A MINOR, SO AS TO INCORPORATE MORPHED IMAGES OF IDENTIFIABLE CHILDREN WITHIN THE PURVIEW OF THIS SECTION; BY AMENDING SECTION 16-15-405, RELATING TO SECOND DEGREE SEXUAL EXPLOITATION OF A MINOR, SO AS TO INCORPORATE MORPHED IMAGES OF IDENTIFIABLE CHILDREN WITHIN THE PURVIEW OF THIS SECTION; BY AMENDING SECTION 16-15-410, RELATING TO THIRD DEGREE SEXUAL EXPLOITATION OF A MINOR, SO AS TO INCORPORATE MORPHED IMAGES OF IDENTIFIABLE CHILDREN WITHIN THE PURVIEW OF THIS SECTION; BY AMENDING SECTION 23-3-430, RELATING TO THE SEX OFFENDER REGISTRY, SO AS TO INCORPORATE THOSE CONVICTED OF CRIMINAL SEXUAL EXPLOITATION OF A MINOR IN THE FIRST, SECOND, OR THIRD DEGREE WITHIN THE CLASSIFICATION OF TIER II OFFENDER; AND BY AMENDING SECTION 23-3-462, RELATING TO TERMINATION OF REGISTRATION REQUIREMENTS, SO AS TO CLARIFY THE TIME AFTER WHICH THE OFFENDER MAY REQUEST TERMINATION OF THE REGISTRATION REQUIREMENT.",https://www.scstatehouse.gov/sess126_2025-2026/bills/3641.docx
3642,Magistrates,House,McCabe,Judiciary,"A BILL TO AMEND THE SOUTH CAROLINA CODE OF LAWS BY AMENDING SECTION 22-1-10, RELATING TO THE APPOINTMENT, TERM, AND JURISDICTION OF MAGISTRATES, SO AS TO ESTABLISH TWO CLASSES OF MAGISTRATES, AND TO PROVIDE FOR THE APPOINTMENT, TERM, AND QUALIFICATIONS OF CLASS 2 MAGISTRATES; BY AMENDING SECTION 22-1-15, RELATING TO MAGISTRATES PRESENTLY SERVING, SO AS TO MAKE CONFORMING CHANGES; BY AMENDING SECTION 22-1-30, RELATING TO SUSPENSION, REMOVAL, OR NONREAPPOINTMENT OF MAGISTRATES, SO AS TO MAKE CONFORMING CHANGES; BY AMENDING SECTION 22-2-5, RELATING TO ELIGIBILITY EXAMINATIONS FOR MAGISTRATES, SO AS TO MAKE CONFORMING CHANGES AND SUBJECT CLASS 2 MAGISTRATES TO THE REQUIREMENTS OF CHAPTER 19, TITLE 2 OF THE S.C. CODE; BY AMENDING SECTION 22-3-10, RELATING TO CONCURRENT CIVIL JURISDICTION, SO AS TO CLARIFY THE JURISDICTION OF THE TWO CLASSES OF MAGISTRATES, AND TO INCREASE THE CIVIL JURISDICTION OF MAGISTRATES; BY AMENDING SECTION 22-3-540, RELATING TO EXCLUSIVE AND CONCURRENT JURISDICTION IN CRIMINAL CASES, SO AS TO CLARIFY THE JURISDICTION OF THE TWO CLASSES OF MAGISTRATES; BY AMENDING SECTION 22-3-800, RELATING TO SUSPENSION OF IMPOSITION OR EXECUTION OF A SENTENCE IN CERTAIN CASES, SO AS TO MAKE CONFORMING CHANGES; AND BY AMENDING SECTION 22-8-40, RELATING TO FULL-TIME AND PART-TIME MAGISTRATES' SALARIES, SO AS TO ESTABLISH THE SALARY SCHEDULE FOR CLASS 2 MAGISTRATES.",https://www.scstatehouse.gov/sess126_2025-2026/bills/3642.docx
3643,"Voter registration, party affiliation",House,B. Newton,Judiciary,"A BILL TO AMEND THE SOUTH CAROLINA CODE OF LAWS BY ADDING SECTION 7-5-200 SO AS TO AMONG OTHER THINGS, PROVIDE THAT ONLY ELECTORS REGISTERED AS AFFILIATED WITH A CERTIFIED POLITICAL PARTY OR AS UNAFFILIATED FOR A CERTAIN PERIOD OF TIME MAY PARTICIPATE IN A PARTISAN PRIMARY OR ADVISORY REFERENDUM HELD BY THAT PARTY, AND TO ESTABLISH PROCESSES BY WHICH ELECTORS REGISTER OR BECOME REGISTERED AS AFFILIATED WITH A POLITICAL PARTY; BY AMENDING SECTIONS 7-5-170 AND 7-5-185, BOTH RELATING TO APPLICATIONS FOR VOTER REGISTRATION, BOTH SO AS TO INCLUDE INFORMATION REGARDING AN APPLICANT'S POLITICAL PARTY AFFILIATION; BY AMENDING SECTION 7-11-15, RELATING TO QUALIFICATIONS TO RUN AS A CANDIDATE IN GENERAL ELECTIONS, SO AS TO SHORTEN THE CANDIDATE FILING PERIOD, TO REQUIRE ALL CANDIDATES FROM EACH POLITICAL PARTY IN THIS STATE TO PAY A FILING FEE, AND TO AUTHORIZE POLITICAL PARTIES TO CHARGE A CERTIFICATION FEE TO ALL CANDIDATES; BY AMENDING SECTION 7-11-210, RELATING TO FILING OF PARTY PLEDGES BY CANDIDATES, SO AS TO CHANGE THE DATE BY WHICH A PARTY PLEDGE MUST BE FILED; AND BY AMENDING SECTION 7-13-40, RELATING TO THE CERTIFICATION OF NAMES BY A POLITICAL PARTY TO BE PLACED ON PRIMARY BALLOTS, SO AS TO PROVIDE THAT ONLY PERSONS WHO HAVE PARTICIPATED IN A POLITICAL PARTY'S RECENT STATEWIDE PRIMARIES AND ARE REGISTERED AS AFFILIATED WITH THE PARTY FOR A CERTAIN PERIOD OF TIME ARE ELIGIBLE TO APPEAR ON THE BALLOT FOR THAT PARTY'S PARTISAN PRIMARY UNLESS THE PARTY HAS TAKEN ACTION TO WAIVE THESE REQUIREMENTS.",https://www.scstatehouse.gov/sess126_2025-2026/bills/3643.docx
3644,Greenville Airport Commission,House,Bannister,Ways and Means,"A BILL TO AMEND ACT 919 OF 1928, AS AMENDED, RELATING TO THE POWERS AND DUTIES OF THE GREENVILLE AIRPORT COMMISSION, SO AS TO INCREASE THE AUTHORIZED TOTAL INDEBTEDNESS TO TWENTY MILLION DOLLARS.",https://www.scstatehouse.gov/sess126_2025-2026/bills/3644.docx
3645,Paid family leave,House,"Bernstein, Herbkersman, Pope, Stavrinakis, Ballentine, Caskey, Collins, Wetmore, Bauer, Rutherford, Cobb-Hunter",Ways and Means,"A BILL TO AMEND THE SOUTH CAROLINA CODE OF LAWS BY AMENDING SECTIONS 8-11-150 AND 8-11-155, BOTH RELATING TO PAID PARENTAL LEAVE, SO AS TO INCREASE THE NUMBER OF WEEKS OF PAID PARENTAL LEAVE IN THE EVENT OF THE BIRTH OR ADOPTION OF A CHILD FOR ELIGIBLE STATE EMPLOYEES.",https://www.scstatehouse.gov/sess126_2025-2026/bills/3645.docx
3646,Meeting Transparency Act,House,Harris,Judiciary,"A BILL TO AMEND THE SOUTH CAROLINA CODE OF LAWS BY ENACTING THE ""MEETING TRANSPARENCY ACT"" BY ADDING SECTION 2-1-260 SO AS TO REQUIRE MEETINGS OF LEGISLATIVE COMMITTEES TO BE MADE AVAILABLE ONLINE AS WELL AS CERTAIN DOCUMENTS; AND BY ADDING SECTION 59-17-180 SO AS TO REQUIRE SCHOOL BOARD MEETINGS TO BE MADE AVAILABLE ONLINE.",https://www.scstatehouse.gov/sess126_2025-2026/bills/3646.docx
3647,Earmark Transparency Act,House,Harris,Ways and Means,"A BILL TO AMEND THE SOUTH CAROLINA CODE OF LAWS BY ENACTING THE ""EARMARK TRANSPARENCY ACT"" BY ADDING SECTION 2-1-270 SO AS TO SET FORTH THE MANNER IN WHICH EARMARKS MAY BE AWARDED.",https://www.scstatehouse.gov/sess126_2025-2026/bills/3647.docx
3648,Budget Transparency Act,House,Harris,Ways and Means,"A BILL TO AMEND THE SOUTH CAROLINA CODE OF LAWS BY ENACTING THE ""BUDGET TRANSPARENCY ACT"" BY ADDING SECTION 11-11-60, SECTION 6-1-2020, AND SECTION 30-4-170 SO AS TO REQUIRE CERTAIN PUBLIC BODIES TO MAKE AVAILABLE CERTAIN SALARY INFORMATION WITH EITHER THE DEPARTMENT OF ADMINISTRATION OR ON ITS OWN WEBSITE.",https://www.scstatehouse.gov/sess126_2025-2026/bills/3648.docx
3649,U.S. Senate Accountability Act,House,"Magnuson, Pace",Judiciary,"A BILL TO AMEND THE SOUTH CAROLINA CODE OF LAWS BY ENACTING THE ""U.S. SENATE ACCOUNTABILITY ACT"" BY ADDING CHAPTER 21 TO TITLE 2 SO AS TO PROVIDE FOR THE MANNER IN WHICH THE TWO UNITED STATES SENATORS FROM SOUTH CAROLINA SHALL APPEAR ANNUALLY BEFORE A JOINT SESSION OF THE GENERAL ASSEMBLY TO DISCUSS AND REVIEW VARIOUS TOPICS AND ACTIONS TAKEN BY THE UNITED STATES SENATE AND BY THEM.",https://www.scstatehouse.gov/sess126_2025-2026/bills/3649.docx
3650,Discharging firearms into dwellings and other structures,House,"G. M. Smith, Wooten",Judiciary,"A BILL TO AMEND THE SOUTH CAROLINA CODE OF LAWS BY AMENDING SECTION 16-1-60, RELATING TO OFFENSES DEFINED AS VIOLENT CRIMES, SO AS TO INCLUDE THE OFFENSE OF DISCHARGING FIREARMS AT OR INTO A DWELLING HOUSE, OTHER BUILDING, STRUCTURE, ENCLOSURE, VEHICLE, AIRCRAFT, WATERCRAFT, OR OTHER CONVEYANCE, DEVICE, OR EQUIPMENT; AND BY AMENDING SECTION 16-23-440, RELATING TO DISCHARGING FIREARMS INTO A DWELLING HOUSE, OTHER BUILDING, STRUCTURE, ENCLOSURE, VEHICLE, AIRCRAFT, WATERCRAFT, OR OTHER CONVEYANCE, DEVICE, OR EQUIPMENT, SO AS TO CREATE A TIERED PENALTY STRUCTURE.",https://www.scstatehouse.gov/sess126_2025-2026/bills/3650.docx
3651,Criminal Sexual Conduct,House,"Calhoon, Bernstein",Judiciary,"A BILL TO AMEND THE SOUTH CAROLINA CODE OF LAWS BY AMENDING SECTION 23-3-540, RELATING TO ELECTRONIC MONITORING OF PERSONS CONVICTED OF CERTAIN SEX OFFENSES AND PENALTIES, SO AS TO REQUIRE ACTIVE ELECTRONIC MONITORING FOR PERSONS CONVICTED OF THE CRIMINAL SEXUAL CONDUCT WITH A MINOR IN THE SECOND DEGREE WITH EXCEPTIONS.",https://www.scstatehouse.gov/sess126_2025-2026/bills/3651.docx
3652,In Vitro Fertilization Protection Act,House,"Bernstein, Brewer, Gatch, Garvin",Judiciary,"A BILL TO AMEND THE SOUTH CAROLINA CODE OF LAWS BY ENACTING THE ""IN VITRO FERTILIZATION ACT"" BY ADDING CHAPTER 140 TO TITLE 44 SO AS TO ADD A DEFINITION FOR ""ASSISTIVE REPRODUCTIVE TECHNOLOGIES"" AND TO PROVIDE RELATED PROTECTIONS TO ACCESS THESE TECHNOLOGIES; AND BY ADDING SECTION 16-3-100 SO AS TO PROVIDE THAT A FERTILIZED HUMAN EGG OR HUMAN EMBRYO OUTSIDE OF THE UTERUS OF A HUMAN BODY IS NOT CONSIDERED AN UNBORN CHILD OR ANOTHER TERM THAT CONNOTES A HUMAN BEING FOR ANY PURPOSE UNDER STATE LAW.",https://www.scstatehouse.gov/sess126_2025-2026/bills/3652.docx
3653,Ambulances,House,Bernstein,"Medical, Military, Public and Municipal Affairs",A BILL TO AMEND THE SOUTH CAROLINA CODE OF LAWS BY ADDING SECTION 44-61-125 SO AS TO REQUIRE THAT EVERY AMBULANCE OPERATING IN THE STATE BE EQUIPPED WITH EPINEPHRINE AUTO-INJECTORS AND FOR OTHER PURPOSES.,https://www.scstatehouse.gov/sess126_2025-2026/bills/3653.docx
3654,Child Welfare,House,"Calhoon, Bernstein",Judiciary,"A BILL TO AMEND THE SOUTH CAROLINA CODE OF LAWS BY AMENDING SECTIONS 63-7-1990 AND 63-11-550, BOTH RELATING TO CONFIDENTIALITY OF CHILD WELFARE RECORDS AND INFORMATION, SO AS TO AUTHORIZE DISCLOSURE OF CASE RECORDS TO COUNTY AND STATE GUARDIAN AD LITEM PROGRAM STAFF AND TO THE STATE CHILD ADVOCATE; AND BY AMENDING SECTIONS 63-11-700, 63-11-1340, AND 63-11-1360, RELATING TO CERTAIN DIVISIONS OF THE DEPARTMENT OF CHILDREN'S ADVOCACY, SO AS TO UPDATE REFERENCES TO THE DEPARTMENT AND THESE DIVISIONS.",https://www.scstatehouse.gov/sess126_2025-2026/bills/3654.docx
3655,Status Offenses,House,"Calhoon, Bernstein",Judiciary,"A BILL TO AMEND THE SOUTH CAROLINA CODE OF LAWS BY AMENDING SECTION 63-19-820, RELATING TO OUT-OF-HOME PLACEMENTS, SO AS TO ELIMINATE THE EXCEPTION FOR CHILDREN TO BE TRIED AS ADULTS AND TO DECREASE THE LENGTH OF TIME THAT A CHILD MAY BE HELD IN A JUVENILE DETENTION FACILITY; BY AMENDING SECTION 63-19-1020, RELATING TO THE INSTITUTION OF JUVENILE PROCEEDINGS, SO AS TO REQUIRE THAT THE CHILD AND HIS FAMILY FIRST SEEK COUNSELING IN CERTAIN CIRCUMSTANCES; BY AMENDING SECTION 63-19-1440, RELATING TO COMMITMENT, SO AS TO DISTINGUISH BETWEEN STATUS AND CRIMINAL OFFENSES AND TO CHANGE THE REQUIREMENTS FOR COURT ORDERS; BY AMENDING SECTION 63-19-1810, RELATING TO DETERMINATIONS OF RELEASE, SO AS TO MAKE CONFORMING CHANGES; AND BY AMENDING SECTION 63-19-2050, RELATING TO PETITIONS FOR EXPUNGEMENT OF OFFICIAL RECORDS, SO AS TO MAKE CONFORMING CHANGES AND TO PROVIDE FOR THE AUTOMATIC EXPUNGEMENT OF A JUVENILE'S RECORDS FOR STATUS OFFENSES, WITH EXCEPTIONS.",https://www.scstatehouse.gov/sess126_2025-2026/bills/3655.docx
3656,Wells and Septic Tanks,House,Ligon,"Agriculture, Natural Resources and Environmental Affairs",A BILL TO AMEND THE SOUTH CAROLINA CODE OF LAWS BY ADDING SECTION 44-1-320 SO AS TO PROHIBIT THE DEPARTMENT OF ENVIRONMENTAL SERVICES FROM DENYING PROPERTY OWNERS THE RIGHT TO REPAIR OR REPLACE A WELL OR SEPTIC TANK IN CERTAIN CIRCUMSTANCES.,https://www.scstatehouse.gov/sess126_2025-2026/bills/3656.docx
3657,Hospitals,House,McDaniel,"Medical, Military, Public and Municipal Affairs",A BILL TO AMEND THE SOUTH CAROLINA CODE OF LAWS BY ADDING SECTION 44-7-3445 SO AS TO REQUIRE HOSPITAL ATTENDING PHYSICIANS TO CONSULT WITH ANY SPECIALIST PHYSICIAN TREATING A PATIENT UPON THE REQUEST OF THE PATIENT OR THE PATIENT'S FAMILY OR OTHER AUTHORIZED HEALTHCARE DECISION MAKER.,https://www.scstatehouse.gov/sess126_2025-2026/bills/3657.docx
3658,Department of Consumer Affairs,House,Guest,"Labor, Commerce and Industry","A BILL TO AMEND THE SOUTH CAROLINA CODE OF LAWS BY AMENDING SECTION 32-7-20, RELATING TO PRENEED FUNERAL CONTRACTS, SO AS TO REQUIRE THE INCLUSION IN SUCH CONTRACTS OF THE TOLL-FREE TELEPHONE NUMBER AND WEBSITE FOR THE DEPARTMENT OF CONSUMER AFFAIRS, AND A STATEMENT THAT QUESTIONS OR COMPLAINTS MAY BE DIRECTED TO THE DEPARTMENT; BY AMENDING SECTION 37-2-305, RELATING TO CERTAIN CREDITORS FILING AND POSTING A MAXIMUM RATE SCHEDULES, SO AS TO REQUIRE SUCH FILINGS TO INCLUDE THIS SAME LANGUAGE; BY AMENDING SECTION 37-2-307, RELATING TO MOTOR VEHICLE SALES CONTRACTS CLOSING FEES, SO AS TO REQUIRE DEALERS TO INCLUDE SUCH LANGUAGE IN A NOTICE TO CONSUMERS; BY AMENDING SECTION 37-3-305, RELATING TO CERTAIN CREDITORS FILING AND POSTING MAXIMUM RATE SCHEDULES, SO AS TO REQUIRE SUCH FILINGS TO INCLUDE THIS LANGUAGE; BY AMENDING SECTION 37-6-202, RELATING TO NOTIFICATION FILING REQUIREMENTS APPLICABLE TO CERTAIN CONSUMER CREDIT TRANSACTIONS, SO AS TO REQUIRE SUCH FILINGS TO INCLUDE THIS LANGUAGE; BY AMENDING SECTION 37-6-204, RELATING TO NOTIFICATION FILING REQUIREMENTS FOR PERSONS MAKING CONSUMER RENTAL-PURCHASE TRANSACTIONS, SO AS TO REQUIRE SUCH FILINGS TO INCLUDE THIS LANGUAGE; BY AMENDING SECTION 37-11-35, RELATING TO CONTINUING CARE RETIREMENT COMMUNITY CONTRACTS AND AGREEMENTS, SO AS TO REQUIRE THE INCLUSION OF SIMILAR LANGUAGE IN THESE AGREEMENTS; BY AMENDING SECTION 37-16-50, RELATING TO CONTRACTS FOR PREPAID LEGAL SERVICES, SO AS TO REQUIRE THE INCLUSION OF SIMILAR LANGUAGE; BY AMENDING SECTION 37-17-52, RELATING TO INFORMATION PROVIDED TO APPLICANTS BY A DISCOUNT MEDICAL PLAN ORGANIZATION, SO AS TO REQUIRE THE INCLUSION OF SIMILAR LANGUAGE; BY AMENDING SECTION 39-61-110, RELATING TO REQUIREMENTS OF SERVICE CONTRACTS, SO AS TO INCLUDE SIMILAR LANGUAGE; BY AMENDING SECTION 40-39-80, RELATING TO PAWN TICKETS AND THE CONTENT REQUIREMENTS THEREOF, SO AS TO INCLUDE SIMILAR LANGUAGE; BY AMENDING SECTION 44-79-30, RELATING TO CREDIT CONTRACT REQUIREMENTS, SO AS TO INCLUDE SIMILAR LANGUAGE; AND BY AMENDING SECTION 59-102-100, RELATING TO AGENCY CONTRACTS FOR STUDENT ATHLETES, SO AS TO INCLUDE SIMILAR LANGUAGE.",https://www.scstatehouse.gov/sess126_2025-2026/bills/3658.docx
